-- MySQL dump 10.13  Distrib 8.0.22, for Linux (x86_64)
--
-- Host: localhost    Database: kinopoisk
-- ------------------------------------------------------
-- Server version	8.0.22-0ubuntu0.20.04.3

/*!40101 SET @OLD_CHARACTER_SET_CLIENT=@@CHARACTER_SET_CLIENT */;
/*!40101 SET @OLD_CHARACTER_SET_RESULTS=@@CHARACTER_SET_RESULTS */;
/*!40101 SET @OLD_COLLATION_CONNECTION=@@COLLATION_CONNECTION */;
/*!50503 SET NAMES utf8mb4 */;
/*!40103 SET @OLD_TIME_ZONE=@@TIME_ZONE */;
/*!40103 SET TIME_ZONE='+00:00' */;
/*!40014 SET @OLD_UNIQUE_CHECKS=@@UNIQUE_CHECKS, UNIQUE_CHECKS=0 */;
/*!40014 SET @OLD_FOREIGN_KEY_CHECKS=@@FOREIGN_KEY_CHECKS, FOREIGN_KEY_CHECKS=0 */;
/*!40101 SET @OLD_SQL_MODE=@@SQL_MODE, SQL_MODE='NO_AUTO_VALUE_ON_ZERO' */;
/*!40111 SET @OLD_SQL_NOTES=@@SQL_NOTES, SQL_NOTES=0 */;

--
-- Table structure for table `about_movies`
--

DROP TABLE IF EXISTS `about_movies`;
/*!40101 SET @saved_cs_client     = @@character_set_client */;
/*!50503 SET character_set_client = utf8mb4 */;
CREATE TABLE `about_movies` (
  `movie_id` int unsigned NOT NULL,
  `movie_description` text CHARACTER SET utf8 COLLATE utf8_unicode_ci,
  `genre_id` tinyint unsigned DEFAULT NULL,
  `poster_id` int unsigned DEFAULT NULL COMMENT 'Ссылается на таблицу media',
  `trailer_id` int unsigned DEFAULT NULL COMMENT 'Ссылается на таблицу media',
  `age_limit` enum('0+','6+','12+','16+','18+') CHARACTER SET utf8 COLLATE utf8_unicode_ci NOT NULL,
  `production_year` date NOT NULL,
  `country` varchar(50) CHARACTER SET utf8 COLLATE utf8_unicode_ci NOT NULL,
  `budget` bigint NOT NULL,
  `box_office` bigint NOT NULL,
  `created_at` datetime DEFAULT CURRENT_TIMESTAMP,
  `updated_at` datetime DEFAULT CURRENT_TIMESTAMP ON UPDATE CURRENT_TIMESTAMP,
  PRIMARY KEY (`movie_id`),
  UNIQUE KEY `poster_id` (`poster_id`),
  UNIQUE KEY `trailer_id` (`trailer_id`),
  KEY `about_movies_genre_id_fk` (`genre_id`),
  KEY `about_movies_production_year_idx` (`production_year`),
  CONSTRAINT `about_movies_genre_id_fk` FOREIGN KEY (`genre_id`) REFERENCES `genres` (`id`) ON DELETE SET NULL,
  CONSTRAINT `about_movies_movie_id_fk` FOREIGN KEY (`movie_id`) REFERENCES `movies` (`id`) ON DELETE CASCADE,
  CONSTRAINT `about_movies_poster_id_fk` FOREIGN KEY (`poster_id`) REFERENCES `media` (`id`) ON DELETE SET NULL,
  CONSTRAINT `about_movies_trailer_id_fk` FOREIGN KEY (`trailer_id`) REFERENCES `media` (`id`) ON DELETE SET NULL
) ENGINE=InnoDB DEFAULT CHARSET=utf8 COLLATE=utf8_unicode_ci;
/*!40101 SET character_set_client = @saved_cs_client */;

--
-- Dumping data for table `about_movies`
--

LOCK TABLES `about_movies` WRITE;
/*!40000 ALTER TABLE `about_movies` DISABLE KEYS */;
INSERT INTO `about_movies` VALUES (1,'Fugiat dolorem occaecati aliquid asperiores odit harum. Consectetur suscipit doloribus non harum quis.',2,244,275,'0+','2010-11-06','Lesotho',59568953,241009158,'2011-12-25 23:12:20','2020-12-19 03:52:33'),(2,'Ut laborum eos dolores voluptatem laudantium sed. Ut optio ea expedita quo perferendis tenetur adipisci.',4,245,276,'12+','1982-05-31','Kazakhstan',53283764,135396133,'2019-10-23 01:15:23','2020-12-19 03:52:33'),(3,'Sequi alias et enim rerum hic fugiat. Natus ea error reprehenderit maiores vel. Labore officia eum numquam animi. Repellat voluptatibus a minima aut.',4,246,277,'16+','2004-01-18','South Georgia and the South Sandwich Islands',124070105,326644305,'2014-05-20 09:38:58','2020-12-19 03:52:33'),(4,'Omnis et voluptatem qui quia placeat quaerat. Voluptatem ipsam est quo quam. Debitis adipisci qui accusantium omnis eos et animi.',4,247,278,'12+','1977-12-17','New Zealand',99346440,251182832,'2017-07-20 02:12:39','2020-12-19 03:52:33'),(5,'Aut soluta et quas illum suscipit doloribus. Voluptatem libero nihil tenetur maxime perferendis eum. Non deleniti doloremque aut ut.',3,248,279,'12+','1975-03-07','Indonesia',40639801,145447196,'2012-10-01 06:23:58','2020-12-19 03:52:33'),(6,'Vel sint qui eveniet nihil animi nihil quos. Sunt vero nihil quibusdam quo totam officia quae. Odio nemo a aliquam id.',2,249,280,'16+','2010-07-25','Colombia',21124175,334769860,'2016-05-15 12:41:14','2020-12-19 03:52:33'),(7,'Repellat culpa enim numquam et numquam quia accusamus. Rerum cumque necessitatibus voluptas non. Reiciendis ex ea in aut sunt ut.',2,250,281,'16+','2010-03-06','American Samoa',52015080,35448883,'2012-01-25 05:53:21','2020-12-19 03:52:33'),(8,'Corporis nulla voluptatem temporibus quidem. Molestiae asperiores officia qui rerum aut unde omnis. Quia nihil officia et qui. Quos consequatur voluptas excepturi est aliquid.',3,251,282,'6+','2000-09-20','Cambodia',124251778,332690957,'2014-10-18 21:36:25','2020-12-19 03:52:33'),(9,'Enim delectus omnis enim. Tempora consequatur officiis vel soluta. Architecto iste qui eligendi sunt id est. Quis commodi quos sequi quae porro sed.',1,252,283,'6+','1985-02-02','Guatemala',103528793,218565568,'2020-01-28 05:48:28','2020-12-19 03:52:33'),(10,'Excepturi aliquam odio autem ut vero aperiam ipsum. Molestiae est assumenda eligendi et. Et vel numquam et enim accusamus nam.',3,253,284,'12+','2000-02-22','Bahamas',136114231,6481451,'2016-05-28 07:06:28','2020-12-19 03:52:33'),(11,'Tempore sequi occaecati voluptas delectus nulla. Ab est omnis voluptas aut. Exercitationem commodi quis modi provident dicta quidem expedita.',4,254,285,'18+','1982-01-25','Morocco',138314036,305855562,'2016-08-26 21:44:18','2020-12-19 03:52:33'),(12,'Et officiis aut iusto iste quia saepe dolores. Quaerat magni sapiente aspernatur quis. Sunt voluptatum aut at aut ullam facere quia.',6,255,286,'12+','1985-09-30','Algeria',115628060,137874571,'2011-12-29 22:43:35','2020-12-19 03:52:33'),(13,'Ut quas voluptate aliquid magni excepturi. Nihil voluptas voluptas dolores. Odio deserunt explicabo ullam recusandae fugiat.',1,256,287,'0+','2010-12-31','Uzbekistan',102534166,138635664,'2015-07-02 12:30:24','2020-12-19 03:52:33'),(14,'Placeat vitae eos ipsum iste explicabo ab. Deserunt itaque consequatur quia tempora non illum possimus.',5,257,288,'0+','2000-05-26','Macedonia',75897467,4657545,'2012-05-03 06:22:57','2020-12-19 03:52:33'),(15,'Placeat saepe quia et eum fuga quisquam. Nihil quia quis rerum nobis. Exercitationem doloribus aut possimus sit ut soluta ut doloribus. Ab corrupti delectus qui nulla velit.',5,258,289,'12+','2001-12-09','Palestinian Territory',43410650,284943671,'2012-07-17 03:53:37','2020-12-19 03:52:33'),(16,'Et est quae quisquam nobis quam optio laudantium qui. Ut iusto qui velit. Eum ratione non officia aliquam.',1,259,290,'16+','2000-10-21','Moldova',69542237,15545798,'2011-09-01 09:22:58','2020-12-19 03:52:33'),(17,'Dolorum et autem voluptas vero aperiam. Sed autem eius hic dolores optio consequatur odit. Animi assumenda in et autem et.',4,260,291,'0+','1982-12-07','Guinea',115429621,59148350,'2015-01-27 08:08:04','2020-12-19 03:52:33'),(18,'Beatae distinctio unde occaecati vel. Voluptas consectetur sint officiis debitis cumque. Et explicabo voluptatem quos voluptatum tenetur.',1,261,292,'16+','2004-03-19','Nepal',48257015,345810598,'2019-09-02 19:59:20','2020-12-19 03:52:33'),(19,'Qui iure atque sint rem quam. Iste corrupti sint quaerat sequi rerum rerum. Nihil eligendi id modi ad qui.',5,262,293,'0+','2006-09-13','British Indian Ocean Territory (Chagos Archipelago',147836026,322151872,'2013-05-13 16:12:25','2020-12-19 03:52:33'),(20,'Quaerat ea eaque aut dolor debitis eveniet qui aut. Reiciendis id omnis qui eligendi.',4,263,294,'16+','1975-11-24','Nigeria',53700075,218498101,'2020-02-26 13:50:27','2020-12-19 03:52:33');
/*!40000 ALTER TABLE `about_movies` ENABLE KEYS */;
UNLOCK TABLES;

--
-- Table structure for table `comments`
--

DROP TABLE IF EXISTS `comments`;
/*!40101 SET @saved_cs_client     = @@character_set_client */;
/*!50503 SET character_set_client = utf8mb4 */;
CREATE TABLE `comments` (
  `id` int unsigned NOT NULL AUTO_INCREMENT,
  `user_id` int unsigned NOT NULL,
  `review_id` int unsigned NOT NULL,
  `comment` text CHARACTER SET utf8 COLLATE utf8_unicode_ci NOT NULL,
  `raiting` int NOT NULL DEFAULT '0',
  `created_at` datetime DEFAULT CURRENT_TIMESTAMP,
  PRIMARY KEY (`id`),
  KEY `comments_user_id_fk` (`user_id`),
  KEY `comments_review_id_fk` (`review_id`),
  KEY `comments_raiting_idx` (`raiting`),
  CONSTRAINT `comments_review_id_fk` FOREIGN KEY (`review_id`) REFERENCES `reviews` (`id`) ON DELETE CASCADE,
  CONSTRAINT `comments_user_id_fk` FOREIGN KEY (`user_id`) REFERENCES `users` (`id`)
) ENGINE=InnoDB AUTO_INCREMENT=61 DEFAULT CHARSET=utf8 COLLATE=utf8_unicode_ci COMMENT='Комментарии к рецензиям';
/*!40101 SET character_set_client = @saved_cs_client */;

--
-- Dumping data for table `comments`
--

LOCK TABLES `comments` WRITE;
/*!40000 ALTER TABLE `comments` DISABLE KEYS */;
INSERT INTO `comments` VALUES (1,105,39,'Assumenda qui incidunt animi quos perferendis. Perferendis ipsam consectetur qui vel molestias. Et cupiditate consequatur minima qui. Vitae non provident possimus quis explicabo dolorem nisi ut.',0,'2013-05-30 06:48:41'),(2,97,1,'Deserunt consequatur ut iusto consequuntur quod maiores. Molestiae vel unde atque rerum quas. Commodi ut magnam ipsa fugiat nisi.',0,'2017-05-16 18:41:02'),(3,100,18,'Repellendus numquam quia ipsum veniam vel qui neque. Repudiandae est praesentium quo neque repellendus aut qui. Autem et id ipsa doloribus.',-1,'2014-08-14 03:13:18'),(4,105,9,'Asperiores possimus consequuntur quidem voluptatem. Voluptatem sint fuga labore aut quam. Nihil facere qui in mollitia aperiam. Beatae tempora explicabo error dolorem sequi.',-1,'2020-02-02 23:52:36'),(5,67,18,'Provident sed beatae quas laborum nihil illum officiis. Aliquam facilis quae consequatur esse sunt quam pariatur. Est iure vel nostrum ut a architecto ut.',1,'2016-01-30 09:21:22'),(6,90,39,'Eos ipsa qui sint et deserunt rerum et. Veniam quos quo officiis et delectus magni fuga rerum. Quasi quaerat iste est voluptatibus.',0,'2018-11-15 02:28:46'),(7,53,23,'Facere voluptatum sit inventore quas id. Ut repellat recusandae cumque nam totam. Ab repellat ad omnis officiis inventore inventore consequatur accusamus.',-1,'2020-04-24 14:05:31'),(8,106,16,'Debitis optio mollitia ab ut amet consequuntur eos. Sed sunt qui qui neque a. Occaecati cumque saepe accusamus quas sed animi eos molestias. Esse temporibus deleniti illum ullam voluptatem.',0,'2014-12-24 01:48:55'),(9,24,31,'Voluptas aut aut quidem sint optio. Voluptatibus facere est est alias dolores aspernatur sit molestias. Velit et porro unde odit ex et repellat. Quaerat excepturi dolores excepturi doloribus alias.',1,'2020-11-27 20:33:27'),(10,39,18,'Est vel quaerat impedit. Veritatis ipsa earum ipsum itaque similique omnis sit iste. At quia laboriosam deserunt perspiciatis omnis.',0,'2017-08-03 16:32:16'),(11,103,2,'Sed quas distinctio doloribus quas ratione consequuntur blanditiis. Velit possimus et et exercitationem sed consequuntur. Qui et et fugiat soluta et.',0,'2020-05-09 03:03:37'),(12,129,33,'Ipsa est voluptatem consequatur quia laudantium et deleniti. Vero modi suscipit officiis perferendis sed harum.',0,'2013-09-08 15:05:20'),(13,51,10,'Ut sit voluptas numquam fugit. Facilis et voluptate optio molestias voluptatem. Nostrum facilis vero modi. Eius nostrum minus illum facere voluptatem sint officiis cumque.',1,'2016-01-14 23:01:37'),(14,52,39,'Est placeat aut modi distinctio. Voluptas sint est nostrum dignissimos voluptas. Nemo totam perferendis omnis illo.',1,'2012-07-21 22:18:53'),(15,97,8,'Voluptatem et quibusdam rerum non eum. Est nam iure ipsam. Autem ipsum possimus ducimus quo odio vitae saepe.',-1,'2016-03-12 16:01:13'),(16,117,14,'Neque delectus quo nobis error hic enim est. Omnis molestiae excepturi qui perferendis recusandae dolorem. Aut eos praesentium unde nam corporis reiciendis.',2,'2013-05-12 23:20:37'),(17,23,17,'Et porro reiciendis doloremque ut. Distinctio nobis unde ipsum voluptatem consequatur iusto enim. Enim sunt velit quaerat blanditiis qui dolorem incidunt doloribus.',1,'2020-01-17 17:23:37'),(18,53,33,'Laboriosam dolor iste cupiditate et officiis ad sit vitae. Omnis saepe eos et perspiciatis eius minus enim. Iste nam vitae quaerat placeat. Iusto culpa ut qui velit expedita rerum molestias.',-1,'2019-05-11 23:09:03'),(19,131,2,'Animi ad aut necessitatibus magni quaerat ut unde. Consequatur provident ea voluptas et reprehenderit similique. Commodi autem perspiciatis aliquid. Aperiam praesentium et possimus.',2,'2011-04-03 15:54:54'),(20,4,13,'Molestias placeat et atque non. Vel nemo iure error odio quae facilis. Commodi unde deleniti ipsam facere dolores voluptatem quis. Eaque quod velit omnis blanditiis sit ad nisi.',1,'2019-04-19 18:22:47'),(21,75,25,'Magnam harum minus et possimus praesentium mollitia molestias consequatur. Veniam quia ipsam qui. Voluptatem quia qui et eos. Unde autem provident alias velit voluptatem tempora.',0,'2016-03-10 03:24:28'),(22,43,34,'Hic aut corporis eum iure deleniti. Assumenda aut ut molestiae at deleniti incidunt. Eos atque itaque inventore voluptas vel. Ratione fuga in et alias ea quasi dolorem.',-1,'2014-07-05 20:56:28'),(23,29,40,'Culpa voluptatem et aliquid et. Enim quae voluptas ducimus est et eum totam. Provident fugit itaque soluta accusantium.',-1,'2018-04-11 09:11:27'),(24,36,14,'Quia autem quae et aut. Tempora hic aut dolor quis vel sit. Id asperiores quibusdam possimus incidunt nisi quia.',0,'2017-03-23 21:45:56'),(25,113,20,'Sint pariatur illo numquam minima pariatur. Minima ratione sed sint. Provident repellat dolores quia itaque quae voluptas omnis.',-1,'2016-04-24 13:47:34'),(26,116,18,'Vitae maiores nemo qui rerum voluptas corporis magni quasi. Ea et quia illo atque ut ut iste nam. Minus eos temporibus ut neque inventore. Ipsam id officia tempore optio nihil veritatis.',-1,'2017-06-12 08:26:50'),(27,80,26,'Pariatur autem odio doloribus. Odio ut repellat rerum qui ex est est. Voluptatem minima et consectetur.',0,'2014-11-21 03:02:17'),(28,38,35,'Ut omnis et eius natus omnis veniam. Natus sint doloremque consequatur sed id cupiditate. Et ut sunt eius quia id.\nLaboriosam et et sed amet adipisci illum suscipit. Ipsum qui et quis.',1,'2011-10-31 23:13:10'),(29,130,24,'Alias qui maiores sed qui nemo modi. Sed et rerum enim repellendus aut necessitatibus suscipit. Vel culpa itaque impedit hic velit. Nihil quam aliquid quia et et.',0,'2012-01-29 16:10:16'),(30,125,21,'Fugit ex cumque sint sunt ut laboriosam. Et velit iure cum at. Eos doloribus commodi temporibus voluptatem dolores nesciunt. Non pariatur molestias ut ipsum.',0,'2018-05-24 05:53:40'),(31,118,25,'Vel laudantium dolores voluptate ut voluptatem quia sed. Eos ut laboriosam incidunt et quidem. Aut et maiores aut eos corrupti aut autem.',0,'2012-01-15 06:58:33'),(32,128,38,'Rerum possimus voluptatibus praesentium incidunt omnis. Consequuntur quo unde ut voluptatum. Ea reiciendis eligendi cupiditate. Expedita nihil vel architecto.',-1,'2017-10-29 02:22:36'),(33,5,9,'Dolorem voluptates et saepe fuga. Et itaque quibusdam voluptatem nobis minus voluptas ea. Et cupiditate nostrum ullam nisi nobis omnis quae nulla.',0,'2011-09-14 06:23:32'),(34,113,37,'Nobis ut assumenda accusantium commodi sit. Voluptatibus doloremque labore pariatur accusantium atque ipsa quia. Porro explicabo est nihil. Beatae ad atque sequi dolores recusandae consequatur.',1,'2019-07-22 01:40:50'),(35,38,32,'Rerum repellendus magni voluptatem sit quo nihil. Ad sint rerum dolor ut non. Est temporibus nobis maxime culpa debitis molestias labore.',-1,'2012-12-13 02:40:38'),(36,33,30,'Dolorem exercitationem eum laudantium voluptatem et delectus recusandae. Sequi enim et et nobis. Sint voluptas et ratione id quo debitis.',0,'2012-02-20 19:17:57'),(37,61,20,'Voluptatem commodi error ipsum quis tempore. Magnam neque nostrum maxime voluptatum similique. Aliquid ratione sunt dolore ut veniam voluptates sit.',-1,'2016-09-11 10:44:25'),(38,90,24,'Et qui assumenda totam impedit esse rerum. Sed aut hic ipsa ut ratione. Accusamus quos id nihil nobis nam est eos veritatis.',2,'2014-01-21 21:57:40'),(39,74,34,'Est at repellat qui. Modi rerum est reprehenderit quidem. Quis ea ratione doloribus impedit consequuntur ut.',-2,'2015-12-04 01:09:34'),(40,141,10,'Voluptate sed rerum autem qui inventore. Qui quibusdam recusandae illo mollitia.',-1,'2017-08-14 05:59:28'),(41,50,29,'Nisi similique incidunt dolor consequatur. Non alias aliquam explicabo. Culpa porro ullam officia accusantium dicta.',0,'2014-04-04 00:43:26'),(42,100,35,'Quia occaecati vero cumque rerum repudiandae. Sed quisquam nesciunt suscipit autem aut quo porro. Qui beatae itaque rerum illum est.',-1,'2019-11-02 05:56:52'),(43,50,37,'Quia praesentium ipsam sit nihil non. At porro nulla incidunt consequuntur. Assumenda aliquam architecto non officia repudiandae expedita omnis. Aperiam ut ea tenetur.',1,'2020-08-02 12:30:27'),(44,108,8,'Occaecati nemo esse maiores assumenda itaque. Deserunt sunt officiis id ut nihil eius. Explicabo distinctio provident ex ex optio occaecati qui temporibus.',0,'2011-07-29 04:10:37'),(45,77,23,'Temporibus molestias quisquam voluptate molestiae possimus natus nisi. Rerum vitae eligendi rerum nihil vitae aut. Inventore impedit at quis. Amet sit non eveniet.',0,'2015-02-18 13:18:50'),(46,106,12,'Maxime et est veritatis quibusdam quae distinctio provident qui. Dolorum expedita praesentium in commodi. Et praesentium non quo et odit optio quisquam. Magni blanditiis dolorum illo odit.',0,'2016-12-26 17:51:16'),(47,25,23,'Officiis aut et beatae possimus doloribus eum. Qui voluptatem et eaque non. Quae maiores rerum mollitia sint ex. Quod quia maiores quisquam quis laboriosam similique.',0,'2016-03-31 22:20:54'),(48,36,8,'Natus maiores corrupti magnam voluptatem voluptas iure. Dolor expedita quod ab. Voluptatem itaque a culpa vel dolorem quasi. Ea eum ex voluptatibus ipsa quia perspiciatis quo maxime.',1,'2018-05-23 05:48:19'),(49,113,40,'Veniam saepe ut aperiam et eligendi. Eligendi velit molestias et unde. Est rerum placeat accusantium et velit. Facilis eum excepturi veniam corporis pariatur sit dolores et.',0,'2016-09-01 07:02:01'),(50,15,1,'Sunt sint sed omnis veritatis. Omnis quisquam doloremque similique incidunt rerum omnis. Non reprehenderit exercitationem alias cumque temporibus.',0,'2013-08-07 09:54:19'),(51,115,13,'Reiciendis et qui sed non. Hic non voluptatibus commodi aut tempore. Laborum tempore quia et quasi nemo esse.',0,'2013-07-08 06:51:33'),(52,113,7,'Illum est aliquid officia. Aut totam possimus quia distinctio et quis quidem. Ut perspiciatis non dolores similique ratione fugiat. Quia reprehenderit commodi in suscipit et.',-1,'2020-03-14 02:31:15'),(53,123,14,'Pariatur occaecati sint nobis omnis consequatur voluptatem. Et sed alias omnis velit quis facilis voluptatem. Cum eos rerum voluptas in ipsa a deleniti nesciunt.',0,'2013-07-03 05:44:50'),(54,113,13,'Dignissimos eaque ab facilis deleniti illo laborum. Animi suscipit laboriosam quae pariatur voluptatem aut ea. Dolore in magni placeat dicta. Incidunt id assumenda consequatur illum cum.',0,'2020-01-14 01:00:14'),(55,27,28,'Ex saepe ipsum odio qui accusantium rem id voluptatum. Aut optio dolores nihil autem beatae rerum consequuntur. At praesentium iusto modi.',0,'2013-01-13 19:27:47'),(56,81,21,'Dolorem voluptas fugiat aliquam autem consectetur quidem optio. Facere dolorum in quisquam aut animi. Debitis maiores illo odit sunt.',-1,'2012-05-23 00:56:03'),(57,58,9,'Doloribus occaecati illo consequatur consectetur distinctio. Magnam velit magnam animi veritatis. Quibusdam possimus maxime nulla atque distinctio.',1,'2013-05-24 18:58:17'),(58,55,29,'Nisi earum est incidunt error recusandae consequatur sint. Quibusdam dolorum at error quia. Saepe quia et quia modi eaque molestias.',0,'2017-07-08 05:26:48'),(59,19,4,'Voluptatem ad velit vel qui. Dolorem distinctio quaerat et rerum iste. Dicta corporis ea cumque magnam est omnis.',-1,'2018-02-23 11:34:26'),(60,137,26,'Ad nihil qui non. Sed maiores nisi optio. Voluptas ipsum officiis culpa aut maxime.',2,'2014-03-09 11:29:00');
/*!40000 ALTER TABLE `comments` ENABLE KEYS */;
UNLOCK TABLES;

--
-- Temporary view structure for view `comments_ratings`
--

DROP TABLE IF EXISTS `comments_ratings`;
/*!50001 DROP VIEW IF EXISTS `comments_ratings`*/;
SET @saved_cs_client     = @@character_set_client;
/*!50503 SET character_set_client = utf8mb4 */;
/*!50001 CREATE VIEW `comments_ratings` AS SELECT 
 1 AS `comment_id`,
 1 AS `rating`*/;
SET character_set_client = @saved_cs_client;

--
-- Table structure for table `friendship`
--

DROP TABLE IF EXISTS `friendship`;
/*!40101 SET @saved_cs_client     = @@character_set_client */;
/*!50503 SET character_set_client = utf8mb4 */;
CREATE TABLE `friendship` (
  `user_id` int unsigned NOT NULL,
  `friend_id` int unsigned NOT NULL,
  `status` enum('confirmed','subscription') CHARACTER SET utf8 COLLATE utf8_unicode_ci DEFAULT NULL COMMENT 'Если получатель отклонил приглашение, то отправитель является подписчиком получателя',
  `confirmed_at` datetime DEFAULT NULL,
  `created_at` datetime DEFAULT CURRENT_TIMESTAMP,
  `updated_at` datetime DEFAULT CURRENT_TIMESTAMP ON UPDATE CURRENT_TIMESTAMP,
  PRIMARY KEY (`user_id`,`friend_id`),
  KEY `friendship_friend_id_fk` (`friend_id`),
  KEY `friendship_user_id_friend_id_idx` (`user_id`,`friend_id`),
  CONSTRAINT `friendship_friend_id_fk` FOREIGN KEY (`friend_id`) REFERENCES `users` (`id`) ON DELETE CASCADE,
  CONSTRAINT `friendship_user_id_fk` FOREIGN KEY (`user_id`) REFERENCES `users` (`id`) ON DELETE CASCADE
) ENGINE=InnoDB DEFAULT CHARSET=utf8 COLLATE=utf8_unicode_ci;
/*!40101 SET character_set_client = @saved_cs_client */;

--
-- Dumping data for table `friendship`
--

LOCK TABLES `friendship` WRITE;
/*!40000 ALTER TABLE `friendship` DISABLE KEYS */;
INSERT INTO `friendship` VALUES (1,150,'confirmed','2017-07-28 20:58:51','2017-07-19 06:50:49','2020-06-29 02:00:51'),(2,105,'subscription','2014-10-15 20:24:21','2013-07-07 21:57:39','2015-10-15 05:35:45'),(4,5,'confirmed','2013-12-06 16:48:33','2019-06-22 01:40:11','2020-12-19 02:07:30'),(6,16,'confirmed','2011-03-02 07:57:03','2017-11-08 17:55:56','2020-12-19 02:07:30'),(7,81,'subscription','2017-01-19 05:16:39','2016-03-12 13:45:19','2020-12-19 02:07:30'),(7,95,'subscription','2019-01-11 16:13:57','2014-05-05 13:52:47','2019-12-16 16:30:51'),(9,34,'subscription','2014-11-05 18:02:31','2019-09-14 14:37:45','2020-12-19 02:07:30'),(10,84,'confirmed','2013-06-08 20:45:57','2013-08-06 16:05:33','2020-12-19 02:07:30'),(13,7,'subscription','2016-12-04 18:54:56','2013-02-23 16:50:14','2016-01-21 04:55:51'),(13,85,'subscription','2019-06-27 14:51:04','2013-08-28 21:05:05','2018-02-12 22:14:15'),(14,46,'confirmed','2018-04-25 18:33:11','2019-03-29 12:43:31','2020-12-19 02:07:30'),(15,6,'subscription','2013-06-18 01:34:25','2015-08-05 18:29:41','2020-12-19 02:07:30'),(15,81,'subscription','2018-09-13 21:57:18','2016-04-24 04:23:20','2020-12-19 02:07:30'),(15,108,'confirmed','2020-08-15 15:39:28','2012-12-04 04:33:22','2018-01-03 22:22:52'),(17,15,'confirmed','2018-11-22 18:58:47','2012-03-07 10:23:40','2016-09-28 12:23:48'),(19,80,'confirmed','2019-02-28 00:19:26','2014-08-25 18:19:26','2018-08-06 08:45:59'),(22,119,'subscription','2011-01-29 02:39:17','2015-09-28 18:44:05','2020-12-19 02:07:30'),(22,120,'subscription','2012-03-10 09:35:18','2017-01-03 14:47:01','2020-12-19 02:07:30'),(24,140,'confirmed','2013-04-23 18:13:09','2014-01-30 06:32:42','2014-12-21 08:15:57'),(24,147,'confirmed','2020-11-26 08:14:22','2016-10-01 19:58:58','2020-12-19 02:07:30'),(28,81,'confirmed','2011-09-01 01:32:57','2018-03-10 00:32:49','2020-12-19 02:07:30'),(29,13,'confirmed','2018-03-17 05:51:19','2018-07-24 04:30:49','2019-06-17 10:30:52'),(32,36,'confirmed','2016-11-08 22:26:25','2014-04-13 23:40:33','2020-12-19 02:07:30'),(32,77,'subscription','2020-09-12 11:17:45','2020-10-07 10:18:30','2020-12-19 02:07:30'),(33,67,'subscription','2015-04-02 08:07:43','2020-12-04 22:42:13','2020-12-19 02:07:30'),(36,30,'confirmed','2016-12-09 14:38:10','2019-04-11 17:41:21','2020-03-17 04:48:17'),(37,8,'subscription','2016-09-03 05:46:47','2011-01-18 21:02:27','2013-07-14 12:17:12'),(37,121,'subscription','2011-06-29 07:39:20','2017-08-24 17:54:27','2020-12-19 02:07:30'),(38,1,'confirmed','2016-05-18 19:47:47','2015-06-09 23:21:29','2020-12-19 02:07:30'),(38,54,'subscription','2012-06-12 11:07:46','2020-12-18 02:17:05','2020-12-19 02:07:30'),(38,101,'confirmed','2016-02-18 13:09:33','2012-10-28 07:17:00','2020-04-27 18:25:45'),(39,22,'subscription','2018-11-13 17:45:31','2015-05-11 06:52:41','2016-05-19 16:10:43'),(40,98,'subscription','2013-09-13 05:31:02','2011-09-10 03:49:33','2020-08-15 01:55:59'),(42,5,'confirmed','2020-05-17 14:57:02','2012-03-19 14:38:27','2020-11-22 23:52:10'),(43,64,'confirmed','2016-06-07 05:16:37','2020-10-10 03:23:29','2020-12-19 02:07:30'),(44,121,'subscription','2011-02-16 20:43:21','2020-01-10 06:03:14','2020-12-19 02:07:30'),(45,78,'subscription','2015-12-13 04:14:42','2016-07-24 08:12:10','2017-01-29 10:03:56'),(45,123,'subscription','2018-04-23 06:29:47','2012-05-18 22:18:16','2020-12-19 02:07:30'),(48,107,'subscription','2017-02-04 06:23:03','2018-02-23 15:31:20','2020-12-18 02:11:35'),(48,127,'confirmed','2015-01-25 19:09:52','2013-01-02 18:01:09','2015-04-24 04:26:33'),(52,63,'confirmed','2020-05-19 11:33:45','2020-01-20 17:35:41','2020-12-19 02:07:30'),(54,146,'subscription','2017-06-29 15:57:21','2010-12-28 00:17:50','2018-11-24 22:21:02'),(56,82,'subscription','2020-04-14 13:45:38','2019-11-07 15:57:32','2020-12-19 02:07:30'),(58,116,'subscription','2012-03-18 20:27:08','2020-09-12 17:12:59','2020-12-19 02:07:30'),(60,56,'confirmed','2012-09-24 10:08:34','2018-11-12 11:46:02','2020-12-19 02:07:30'),(60,65,'subscription','2014-05-31 11:50:11','2012-01-03 16:30:55','2020-12-19 02:07:30'),(60,106,'subscription','2011-04-22 09:41:39','2012-10-17 21:26:15','2016-07-11 17:37:15'),(61,84,'confirmed','2017-11-15 05:10:38','2013-01-02 08:47:21','2015-09-30 06:30:00'),(61,100,'confirmed','2019-08-31 10:33:31','2011-01-26 05:41:54','2016-08-31 22:25:03'),(65,11,'subscription','2017-11-16 06:18:17','2014-02-07 04:07:23','2020-12-19 02:07:30'),(68,42,'subscription','2015-12-23 09:48:44','2013-11-04 10:50:21','2015-03-02 09:05:21'),(70,3,'confirmed','2019-12-01 02:29:58','2015-02-27 06:06:08','2017-01-18 08:58:41'),(70,126,'confirmed','2019-08-14 17:02:10','2014-06-28 06:07:45','2020-12-19 02:07:30'),(74,44,'confirmed','2020-07-30 07:05:26','2020-08-22 08:12:44','2020-12-19 02:07:30'),(76,105,'confirmed','2014-04-07 05:51:58','2016-12-12 10:06:50','2020-12-19 02:07:30'),(77,63,'subscription','2019-09-29 03:49:52','2016-09-24 13:09:41','2020-12-19 02:07:30'),(77,74,'confirmed','2012-09-16 17:28:24','2014-01-26 20:32:06','2014-02-10 10:12:06'),(77,130,'subscription','2015-12-01 22:22:02','2019-03-20 06:27:04','2020-12-19 02:07:30'),(83,16,'subscription','2012-12-25 08:47:58','2016-02-21 06:05:45','2020-12-19 02:07:30'),(84,62,'subscription','2015-02-18 02:40:41','2017-10-28 11:20:40','2020-12-19 02:07:30'),(86,126,'confirmed','2014-03-11 15:35:34','2013-11-05 18:52:17','2016-09-20 20:24:02'),(93,150,'subscription','2015-03-04 20:26:29','2015-10-30 00:15:14','2020-12-19 02:07:30'),(95,37,'confirmed','2019-11-04 11:20:24','2020-04-10 07:40:32','2020-12-19 02:07:30'),(95,43,'subscription','2016-12-26 18:17:45','2015-12-26 06:36:57','2020-12-19 02:07:30'),(97,55,'subscription','2013-04-17 20:01:39','2014-09-27 23:30:38','2020-05-19 14:55:25'),(99,70,'subscription','2016-09-01 13:52:03','2017-06-12 08:36:16','2020-09-25 02:36:40'),(101,23,'subscription','2012-10-27 21:40:30','2018-07-06 17:33:41','2020-12-19 02:07:30'),(102,141,'subscription','2013-05-19 11:15:01','2012-01-12 19:48:33','2019-09-25 17:07:54'),(103,98,'subscription','2014-12-20 16:09:11','2016-07-26 19:35:45','2020-12-19 02:07:30'),(106,130,'confirmed','2016-12-08 13:27:36','2011-10-02 17:00:32','2012-03-13 04:54:30'),(107,63,'confirmed','2012-02-01 22:20:45','2013-05-24 02:29:51','2020-12-19 02:07:30'),(109,59,'subscription','2011-11-04 18:31:15','2016-05-03 04:26:53','2020-12-19 02:07:30'),(110,79,'subscription','2019-12-31 09:11:27','2020-04-30 09:18:56','2020-12-19 02:07:30'),(111,44,'subscription','2014-10-01 17:40:44','2013-12-21 15:10:10','2020-01-08 02:04:36'),(111,53,'confirmed','2015-09-25 02:31:01','2015-12-01 00:30:37','2020-12-19 02:07:30'),(113,63,'confirmed','2015-12-04 09:45:08','2013-07-01 00:51:09','2020-12-19 02:07:30'),(114,67,'confirmed','2013-05-15 04:55:35','2015-04-06 20:05:44','2020-12-19 02:07:30'),(117,96,'confirmed','2011-08-22 06:48:46','2018-10-25 05:57:28','2019-03-22 08:46:28'),(120,10,'subscription','2011-03-07 06:40:26','2015-10-09 20:36:18','2020-12-19 02:07:30'),(120,142,'confirmed','2012-01-18 08:08:41','2014-06-11 07:43:35','2017-09-14 03:56:18'),(121,144,'subscription','2017-03-10 20:11:10','2017-02-07 14:34:04','2020-07-05 23:56:35'),(125,24,'subscription','2014-12-30 15:08:01','2018-03-25 21:41:06','2020-12-19 02:07:30'),(126,24,'subscription','2017-01-10 07:26:55','2013-03-13 09:34:42','2020-03-15 12:04:22'),(126,146,'subscription','2014-04-18 04:08:20','2020-12-11 03:35:25','2020-12-19 02:07:30'),(127,46,'subscription','2011-08-19 11:06:18','2016-06-27 10:18:16','2020-12-19 02:07:30'),(128,86,'confirmed','2020-03-31 02:07:47','2015-05-21 17:38:25','2015-08-14 09:52:07'),(129,149,'confirmed','2017-09-17 09:33:45','2011-07-24 22:13:33','2018-03-09 13:41:26'),(135,103,'subscription','2017-10-28 09:52:39','2016-04-15 02:04:02','2017-09-10 02:16:58'),(135,146,'confirmed','2019-02-22 06:53:32','2016-06-28 19:50:27','2020-02-22 12:32:46'),(136,51,'subscription','2012-04-11 18:43:46','2014-04-23 10:16:17','2017-10-13 09:55:48'),(137,1,'confirmed','2012-08-01 22:40:07','2010-12-30 13:56:53','2011-06-09 22:11:54'),(137,34,'subscription','2020-03-21 16:18:34','2013-12-25 13:33:27','2018-05-26 12:13:53'),(137,142,'confirmed','2019-04-22 04:15:56','2014-08-05 07:02:38','2019-02-22 11:35:35'),(138,92,'confirmed','2018-07-25 09:01:42','2012-09-08 01:02:13','2014-08-22 11:16:04'),(140,66,'confirmed','2013-02-05 04:49:52','2018-03-24 23:17:23','2018-08-26 15:23:54'),(141,113,'confirmed','2013-11-21 15:49:09','2017-03-05 19:08:20','2019-06-13 01:57:05'),(143,144,'subscription','2019-06-28 10:29:41','2018-11-13 07:25:29','2020-12-19 02:07:30'),(144,135,'subscription','2016-12-07 21:09:39','2012-04-15 19:18:36','2017-08-31 11:21:28'),(147,45,'confirmed','2012-02-29 05:03:01','2011-06-26 05:52:14','2017-05-04 17:02:11'),(149,133,'confirmed','2013-12-30 12:26:44','2014-07-05 06:34:10','2020-12-19 02:07:30');
/*!40000 ALTER TABLE `friendship` ENABLE KEYS */;
UNLOCK TABLES;

--
-- Table structure for table `genres`
--

DROP TABLE IF EXISTS `genres`;
/*!40101 SET @saved_cs_client     = @@character_set_client */;
/*!50503 SET character_set_client = utf8mb4 */;
CREATE TABLE `genres` (
  `id` tinyint unsigned NOT NULL AUTO_INCREMENT,
  `genre` varchar(30) CHARACTER SET utf8 COLLATE utf8_unicode_ci NOT NULL,
  `created_at` datetime DEFAULT CURRENT_TIMESTAMP,
  PRIMARY KEY (`id`),
  UNIQUE KEY `genre` (`genre`)
) ENGINE=InnoDB AUTO_INCREMENT=7 DEFAULT CHARSET=utf8 COLLATE=utf8_unicode_ci;
/*!40101 SET character_set_client = @saved_cs_client */;

--
-- Dumping data for table `genres`
--

LOCK TABLES `genres` WRITE;
/*!40000 ALTER TABLE `genres` DISABLE KEYS */;
INSERT INTO `genres` VALUES (1,'action','2020-12-19 00:05:22'),(2,'comedy','2020-12-19 00:05:22'),(3,'drama','2020-12-19 00:05:22'),(4,'fantasy','2020-12-19 00:05:22'),(5,'horror','2020-12-19 00:05:22'),(6,'romance','2020-12-19 00:05:22');
/*!40000 ALTER TABLE `genres` ENABLE KEYS */;
UNLOCK TABLES;

--
-- Table structure for table `media`
--

DROP TABLE IF EXISTS `media`;
/*!40101 SET @saved_cs_client     = @@character_set_client */;
/*!50503 SET character_set_client = utf8mb4 */;
CREATE TABLE `media` (
  `id` int unsigned NOT NULL AUTO_INCREMENT,
  `filename` varchar(255) CHARACTER SET utf8 COLLATE utf8_unicode_ci NOT NULL,
  `size` int unsigned NOT NULL,
  `media_type_id` tinyint unsigned NOT NULL,
  `created_at` datetime DEFAULT CURRENT_TIMESTAMP,
  `updated_at` datetime DEFAULT CURRENT_TIMESTAMP ON UPDATE CURRENT_TIMESTAMP,
  PRIMARY KEY (`id`),
  KEY `media_media_type_id_fk` (`media_type_id`),
  KEY `media_size_idx` (`size`),
  CONSTRAINT `media_media_type_id_fk` FOREIGN KEY (`media_type_id`) REFERENCES `media_types` (`id`)
) ENGINE=InnoDB AUTO_INCREMENT=306 DEFAULT CHARSET=utf8 COLLATE=utf8_unicode_ci;
/*!40101 SET character_set_client = @saved_cs_client */;

--
-- Dumping data for table `media`
--

LOCK TABLES `media` WRITE;
/*!40000 ALTER TABLE `media` DISABLE KEYS */;
INSERT INTO `media` VALUES (1,'http://dropbox.net/kinopoisk/quidem.png',9426,3,'2018-03-08 19:51:03','2020-12-19 03:36:49'),(2,'http://dropbox.net/kinopoisk/id.jpeg',13544,3,'2017-10-24 21:13:50','2020-12-19 03:36:49'),(3,'http://dropbox.net/kinopoisk/suscipit.png',10770,3,'2015-11-22 01:50:13','2020-12-19 03:36:49'),(4,'http://dropbox.net/kinopoisk/qui.jpeg',11171,3,'2018-09-06 03:06:09','2020-12-19 03:36:49'),(5,'http://dropbox.net/kinopoisk/at.jpeg',8184,3,'2011-11-08 12:04:12','2020-12-19 03:36:49'),(6,'http://dropbox.net/kinopoisk/quas.png',5359,3,'2018-04-01 18:53:31','2020-12-19 03:36:49'),(7,'http://dropbox.net/kinopoisk/omnis.png',13510,3,'2012-04-05 00:01:46','2020-12-19 03:36:49'),(8,'http://dropbox.net/kinopoisk/sit.png',9490,3,'2018-04-18 02:56:07','2020-12-19 03:36:49'),(9,'http://dropbox.net/kinopoisk/facere.jpeg',4870,3,'2016-09-05 15:43:38','2020-12-19 03:36:49'),(10,'http://dropbox.net/kinopoisk/nam.png',7146,3,'2012-09-20 20:11:54','2020-12-19 03:36:49'),(11,'http://dropbox.net/kinopoisk/atque.png',5758,3,'2015-05-26 05:11:24','2020-12-19 03:36:49'),(12,'http://dropbox.net/kinopoisk/repellendus.jpeg',5306,3,'2019-03-19 01:04:17','2020-12-19 03:36:49'),(13,'http://dropbox.net/kinopoisk/quo.png',7207,3,'2015-04-23 19:21:26','2020-12-19 03:36:49'),(14,'http://dropbox.net/kinopoisk/rerum.jpeg',4760,3,'2015-06-29 21:13:43','2020-12-19 03:36:49'),(15,'http://dropbox.net/kinopoisk/et.jpeg',13441,3,'2018-03-26 08:30:31','2020-12-19 03:36:49'),(16,'http://dropbox.net/kinopoisk/possimus.jpeg',10940,3,'2012-03-30 23:22:07','2020-12-19 03:36:49'),(17,'http://dropbox.net/kinopoisk/libero.jpeg',12333,3,'2020-11-08 19:33:48','2020-12-19 03:36:49'),(18,'http://dropbox.net/kinopoisk/cumque.jpeg',13485,3,'2012-08-02 13:05:47','2020-12-19 03:36:49'),(19,'http://dropbox.net/kinopoisk/tenetur.png',15064,3,'2015-06-22 20:34:19','2020-12-19 03:36:49'),(20,'http://dropbox.net/kinopoisk/necessitatibus.png',6196,3,'2020-02-28 18:14:32','2020-12-19 03:36:49'),(21,'http://dropbox.net/kinopoisk/veritatis.png',10362,3,'2012-02-04 10:03:45','2020-12-19 03:36:49'),(22,'http://dropbox.net/kinopoisk/quaerat.png',4551,3,'2013-05-07 23:07:53','2020-12-19 03:36:49'),(23,'http://dropbox.net/kinopoisk/amet.png',2936,3,'2012-06-27 03:00:27','2020-12-19 03:36:49'),(24,'http://dropbox.net/kinopoisk/dolore.png',12290,3,'2018-11-16 02:53:34','2020-12-19 03:36:49'),(25,'http://dropbox.net/kinopoisk/eaque.png',10658,3,'2017-06-05 15:19:38','2020-12-19 03:36:49'),(26,'http://dropbox.net/kinopoisk/ducimus.png',14375,3,'2020-01-12 23:32:30','2020-12-19 03:36:49'),(27,'http://dropbox.net/kinopoisk/ullam.png',11226,3,'2013-04-06 15:08:18','2020-12-19 03:36:49'),(28,'http://dropbox.net/kinopoisk/nesciunt.jpeg',10959,3,'2020-04-26 23:04:57','2020-12-19 03:36:49'),(29,'http://dropbox.net/kinopoisk/aut.jpeg',5759,3,'2011-05-15 00:35:49','2020-12-19 03:36:49'),(30,'http://dropbox.net/kinopoisk/cupiditate.jpeg',7181,3,'2014-10-05 05:52:32','2020-12-19 03:36:49'),(31,'http://dropbox.net/kinopoisk/corrupti.png',3271,3,'2011-01-05 17:54:46','2020-12-19 03:36:49'),(32,'http://dropbox.net/kinopoisk/tempore.jpeg',6074,3,'2020-05-16 20:10:36','2020-12-19 03:36:49'),(33,'http://dropbox.net/kinopoisk/exercitationem.jpeg',5198,3,'2013-07-11 02:41:19','2020-12-19 03:36:49'),(34,'http://dropbox.net/kinopoisk/eveniet.png',5720,3,'2020-01-05 13:48:51','2020-12-19 03:36:49'),(35,'http://dropbox.net/kinopoisk/ut.png',10960,3,'2011-05-03 00:49:06','2020-12-19 03:36:49'),(36,'http://dropbox.net/kinopoisk/nisi.png',8966,3,'2012-02-14 03:49:46','2020-12-19 03:36:49'),(37,'http://dropbox.net/kinopoisk/neque.jpeg',9902,3,'2019-01-15 16:39:17','2020-12-19 03:36:49'),(38,'http://dropbox.net/kinopoisk/voluptatum.png',7254,3,'2017-03-24 20:38:30','2020-12-19 03:36:49'),(39,'http://dropbox.net/kinopoisk/accusamus.png',4516,3,'2017-09-27 04:59:45','2020-12-19 03:36:49'),(40,'http://dropbox.net/kinopoisk/fugiat.png',12081,3,'2012-01-11 12:10:20','2020-12-19 03:36:49'),(41,'http://dropbox.net/kinopoisk/facilis.jpeg',4875,3,'2019-02-01 16:51:16','2020-12-19 03:36:49'),(42,'http://dropbox.net/kinopoisk/aspernatur.png',12708,3,'2016-04-25 21:24:46','2020-12-19 03:36:49'),(43,'http://dropbox.net/kinopoisk/velit.png',6933,3,'2019-02-05 08:23:26','2020-12-19 03:36:49'),(44,'http://dropbox.net/kinopoisk/rem.jpeg',7807,3,'2013-08-03 14:23:41','2020-12-19 03:36:49'),(45,'http://dropbox.net/kinopoisk/sint.jpeg',2873,3,'2016-03-31 02:34:23','2020-12-19 03:36:49'),(46,'http://dropbox.net/kinopoisk/eum.jpeg',2211,3,'2014-02-25 21:32:38','2020-12-19 03:36:49'),(47,'http://dropbox.net/kinopoisk/ipsa.png',13698,3,'2018-01-16 13:03:32','2020-12-19 03:36:49'),(48,'http://dropbox.net/kinopoisk/voluptates.png',6562,3,'2017-01-15 03:30:50','2020-12-19 03:36:49'),(49,'http://dropbox.net/kinopoisk/ipsum.jpeg',2980,3,'2014-02-10 21:29:19','2020-12-19 03:36:49'),(50,'http://dropbox.net/kinopoisk/eius.jpeg',6481,3,'2016-03-22 00:52:49','2020-12-19 03:36:49'),(51,'http://dropbox.net/kinopoisk/perferendis.jpeg',8102,3,'2019-07-27 04:11:51','2020-12-19 03:36:49'),(52,'http://dropbox.net/kinopoisk/quibusdam.png',5711,3,'2015-07-30 05:32:44','2020-12-19 03:36:49'),(53,'http://dropbox.net/kinopoisk/dicta.png',2200,3,'2014-06-05 23:08:24','2020-12-19 03:36:49'),(54,'http://dropbox.net/kinopoisk/porro.jpeg',5134,3,'2017-11-02 23:33:52','2020-12-19 03:36:49'),(55,'http://dropbox.net/kinopoisk/doloremque.jpeg',3707,3,'2020-05-27 08:28:35','2020-12-19 03:36:49'),(56,'http://dropbox.net/kinopoisk/voluptas.png',14399,3,'2013-09-05 00:26:09','2020-12-19 03:36:49'),(57,'http://dropbox.net/kinopoisk/ab.png',5580,3,'2016-08-27 00:54:51','2020-12-19 03:36:49'),(58,'http://dropbox.net/kinopoisk/consectetur.png',9277,3,'2017-08-22 23:47:18','2020-12-19 03:36:49'),(59,'http://dropbox.net/kinopoisk/nihil.jpeg',14288,3,'2016-09-14 11:14:31','2020-12-19 03:36:49'),(60,'http://dropbox.net/kinopoisk/numquam.jpeg',14938,3,'2019-08-03 16:07:40','2020-12-19 03:36:49'),(61,'http://dropbox.net/kinopoisk/quis.png',3155,3,'2017-11-26 19:57:26','2020-12-19 03:36:49'),(62,'http://dropbox.net/kinopoisk/dolor.jpeg',8848,3,'2020-03-20 15:31:27','2020-12-19 03:36:49'),(63,'http://dropbox.net/kinopoisk/temporibus.jpeg',6102,3,'2016-02-11 09:29:30','2020-12-19 03:36:49'),(64,'http://dropbox.net/kinopoisk/voluptatem.png',15233,3,'2013-11-30 23:42:45','2020-12-19 03:36:49'),(65,'http://dropbox.net/kinopoisk/consequatur.png',2564,3,'2018-11-12 22:40:55','2020-12-19 03:36:49'),(66,'http://dropbox.net/kinopoisk/autem.png',5008,3,'2014-11-09 20:45:29','2020-12-19 03:36:49'),(67,'http://dropbox.net/kinopoisk/aperiam.jpeg',15299,3,'2015-11-05 10:41:03','2020-12-19 03:36:49'),(68,'http://dropbox.net/kinopoisk/doloribus.jpeg',6178,3,'2011-06-15 22:39:12','2020-12-19 03:36:49'),(69,'http://dropbox.net/kinopoisk/nobis.png',9569,3,'2019-10-25 13:37:55','2020-12-19 03:36:49'),(70,'http://dropbox.net/kinopoisk/soluta.jpeg',13952,3,'2020-08-20 16:46:56','2020-12-19 03:36:49'),(71,'http://dropbox.net/kinopoisk/labore.jpeg',12383,3,'2016-04-15 07:12:57','2020-12-19 03:36:49'),(72,'http://dropbox.net/kinopoisk/assumenda.png',4697,3,'2015-11-23 18:07:15','2020-12-19 03:36:49'),(73,'http://dropbox.net/kinopoisk/magni.jpeg',10915,3,'2017-10-08 18:52:39','2020-12-19 03:36:49'),(74,'http://dropbox.net/kinopoisk/iure.png',11812,3,'2018-06-01 23:01:11','2020-12-19 03:36:49'),(75,'http://dropbox.net/kinopoisk/quam.png',10954,3,'2018-10-11 17:40:07','2020-12-19 03:36:49'),(76,'http://dropbox.net/kinopoisk/in.jpeg',3975,3,'2015-03-13 23:54:50','2020-12-19 03:36:49'),(77,'http://dropbox.net/kinopoisk/similique.jpeg',11588,3,'2020-11-12 07:01:28','2020-12-19 03:36:49'),(78,'http://dropbox.net/kinopoisk/quasi.png',4035,3,'2020-08-31 23:45:39','2020-12-19 03:36:49'),(79,'http://dropbox.net/kinopoisk/inventore.png',9984,3,'2017-11-16 07:44:06','2020-12-19 03:36:49'),(80,'http://dropbox.net/kinopoisk/totam.png',9145,3,'2018-05-24 02:00:42','2020-12-19 03:36:49'),(81,'http://dropbox.net/kinopoisk/quia.png',13725,3,'2016-06-12 09:45:02','2020-12-19 03:36:49'),(82,'http://dropbox.net/kinopoisk/dolorum.png',12518,3,'2013-08-03 17:05:16','2020-12-19 03:36:49'),(83,'http://dropbox.net/kinopoisk/provident.png',6056,3,'2019-03-07 09:46:44','2020-12-19 03:36:49'),(84,'http://dropbox.net/kinopoisk/voluptatibus.png',3993,3,'2016-07-29 09:22:45','2020-12-19 03:36:49'),(85,'http://dropbox.net/kinopoisk/magnam.jpeg',13058,3,'2019-11-19 20:32:04','2020-12-19 03:36:49'),(86,'http://dropbox.net/kinopoisk/sapiente.png',11329,3,'2015-08-19 17:07:43','2020-12-19 03:36:49'),(87,'http://dropbox.net/kinopoisk/maiores.png',2113,3,'2019-08-03 18:54:50','2020-12-19 03:36:49'),(88,'http://dropbox.net/kinopoisk/recusandae.jpeg',14463,3,'2019-12-14 01:20:46','2020-12-19 03:36:49'),(89,'http://dropbox.net/kinopoisk/beatae.jpeg',10684,3,'2011-09-23 01:46:58','2020-12-19 03:36:49'),(90,'http://dropbox.net/kinopoisk/quos.png',7982,3,'2013-08-03 17:37:26','2020-12-19 03:36:49'),(91,'http://dropbox.net/kinopoisk/mollitia.png',5812,3,'2019-03-31 09:28:39','2020-12-19 03:36:49'),(92,'http://dropbox.net/kinopoisk/sequi.png',3067,3,'2020-05-28 17:50:52','2020-12-19 03:36:49'),(93,'http://dropbox.net/kinopoisk/vel.png',9163,3,'2011-09-02 23:52:15','2020-12-19 03:36:49'),(94,'http://dropbox.net/kinopoisk/esse.png',7944,3,'2011-11-08 19:57:20','2020-12-19 03:36:49'),(95,'http://dropbox.net/kinopoisk/ea.png',10182,3,'2013-02-09 06:00:58','2020-12-19 03:36:49'),(96,'http://dropbox.net/kinopoisk/modi.png',11717,3,'2017-07-10 22:31:37','2020-12-19 03:36:49'),(97,'http://dropbox.net/kinopoisk/quisquam.jpeg',12683,3,'2015-08-06 22:24:00','2020-12-19 03:36:49'),(98,'http://dropbox.net/kinopoisk/blanditiis.png',12901,3,'2013-07-13 22:15:17','2020-12-19 03:36:49'),(99,'http://dropbox.net/kinopoisk/nulla.png',11099,3,'2016-06-11 07:39:40','2020-12-19 03:36:49'),(100,'http://dropbox.net/kinopoisk/accusantium.png',14746,3,'2012-09-06 08:40:52','2020-12-19 03:36:49'),(101,'http://dropbox.net/kinopoisk/dolores.jpeg',11759,3,'2012-03-04 02:39:49','2020-12-19 03:36:49'),(102,'http://dropbox.net/kinopoisk/enim.png',12508,3,'2020-08-02 16:00:23','2020-12-19 03:36:49'),(103,'http://dropbox.net/kinopoisk/cum.png',11906,3,'2011-10-02 00:28:54','2020-12-19 03:36:49'),(104,'http://dropbox.net/kinopoisk/eligendi.png',6647,3,'2016-06-18 02:27:06','2020-12-19 03:36:49'),(105,'http://dropbox.net/kinopoisk/sed.jpeg',8780,3,'2018-02-02 12:00:38','2020-12-19 03:36:49'),(106,'http://dropbox.net/kinopoisk/eos.png',8601,3,'2012-10-01 21:41:20','2020-12-19 03:36:49'),(107,'http://dropbox.net/kinopoisk/reiciendis.png',14619,3,'2019-11-20 23:27:45','2020-12-19 03:36:49'),(108,'http://dropbox.net/kinopoisk/natus.jpeg',5305,3,'2011-04-17 00:48:11','2020-12-19 03:36:49'),(109,'http://dropbox.net/kinopoisk/est.jpeg',7248,3,'2019-02-20 07:52:32','2020-12-19 03:36:49'),(110,'http://dropbox.net/kinopoisk/incidunt.jpeg',4962,3,'2020-05-30 05:30:05','2020-12-19 03:36:49'),(111,'http://dropbox.net/kinopoisk/non.png',14334,3,'2016-12-31 19:12:00','2020-12-19 03:36:49'),(112,'http://dropbox.net/kinopoisk/maxime.jpeg',14798,3,'2013-10-08 09:47:29','2020-12-19 03:36:49'),(113,'http://dropbox.net/kinopoisk/delectus.jpeg',2319,3,'2016-12-10 20:05:33','2020-12-19 03:36:49'),(114,'http://dropbox.net/kinopoisk/expedita.png',5090,3,'2020-12-09 05:36:58','2020-12-19 03:36:49'),(115,'http://dropbox.net/kinopoisk/fuga.jpeg',3131,3,'2012-09-10 02:31:33','2020-12-19 03:36:49'),(116,'http://dropbox.net/kinopoisk/illum.jpeg',11649,3,'2014-07-28 21:40:25','2020-12-19 03:36:49'),(117,'http://dropbox.net/kinopoisk/aliquam.jpeg',6870,3,'2011-03-12 09:35:49','2020-12-19 03:36:49'),(118,'http://dropbox.net/kinopoisk/perspiciatis.png',10668,3,'2012-08-09 07:31:28','2020-12-19 03:36:49'),(119,'http://dropbox.net/kinopoisk/minima.png',4056,3,'2018-01-16 05:25:52','2020-12-19 03:36:49'),(120,'http://dropbox.net/kinopoisk/debitis.jpeg',12854,3,'2017-11-24 01:04:49','2020-12-19 03:36:49'),(121,'http://dropbox.net/kinopoisk/repellat.png',10118,3,'2017-12-11 18:58:17','2020-12-19 03:36:49'),(122,'http://dropbox.net/kinopoisk/placeat.png',9981,3,'2012-03-24 18:45:40','2020-12-19 03:36:49'),(123,'http://dropbox.net/kinopoisk/architecto.png',4193,3,'2013-11-02 10:33:16','2020-12-19 03:36:49'),(124,'http://dropbox.net/kinopoisk/occaecati.jpeg',2284,3,'2012-05-18 01:35:25','2020-12-19 03:36:49'),(125,'http://dropbox.net/kinopoisk/itaque.png',10108,3,'2019-01-21 00:29:21','2020-12-19 03:36:49'),(126,'http://dropbox.net/kinopoisk/asperiores.png',15014,3,'2018-10-01 08:21:40','2020-12-19 03:36:49'),(127,'http://dropbox.net/kinopoisk/veniam.jpeg',2762,3,'2020-09-09 05:20:14','2020-12-19 03:36:49'),(128,'http://dropbox.net/kinopoisk/alias.jpeg',6659,3,'2012-04-24 13:50:56','2020-12-19 03:36:49'),(129,'http://dropbox.net/kinopoisk/animi.jpeg',9648,3,'2010-12-30 14:07:56','2020-12-19 03:36:49'),(130,'http://dropbox.net/kinopoisk/odit.png',12903,3,'2016-01-17 07:04:14','2020-12-19 03:36:49'),(131,'http://dropbox.net/kinopoisk/hic.png',6900,3,'2019-05-31 06:22:44','2020-12-19 03:36:49'),(132,'http://dropbox.net/kinopoisk/error.jpeg',7055,3,'2015-02-11 02:09:27','2020-12-19 03:36:49'),(133,'http://dropbox.net/kinopoisk/minus.png',12528,3,'2018-10-17 04:11:47','2020-12-19 03:36:49'),(134,'http://dropbox.net/kinopoisk/molestias.png',12805,3,'2012-08-04 22:31:34','2020-12-19 03:36:49'),(135,'http://dropbox.net/kinopoisk/sunt.png',11082,3,'2013-05-07 04:24:10','2020-12-19 03:36:49'),(136,'http://dropbox.net/kinopoisk/a.jpeg',14946,3,'2017-12-06 14:57:57','2020-12-19 03:36:49'),(137,'http://dropbox.net/kinopoisk/unde.png',12812,3,'2013-01-27 10:02:50','2020-12-19 03:36:49'),(138,'http://dropbox.net/kinopoisk/distinctio.png',3865,3,'2013-09-18 06:18:55','2020-12-19 03:36:49'),(139,'http://dropbox.net/kinopoisk/ratione.png',5463,3,'2020-07-13 14:19:59','2020-12-19 03:36:49'),(140,'http://dropbox.net/kinopoisk/pariatur.png',13674,3,'2011-07-12 08:54:05','2020-12-19 03:36:49'),(141,'http://dropbox.net/kinopoisk/dolorem.png',9996,3,'2014-12-30 04:55:47','2020-12-19 03:36:49'),(142,'http://dropbox.net/kinopoisk/ex.jpeg',6913,3,'2011-01-04 15:43:25','2020-12-19 03:36:49'),(143,'http://dropbox.net/kinopoisk/iusto.png',2529,3,'2017-03-09 06:03:29','2020-12-19 03:36:49'),(144,'http://dropbox.net/kinopoisk/quae.png',3170,3,'2011-11-06 23:24:30','2020-12-19 03:36:49'),(145,'http://dropbox.net/kinopoisk/excepturi.jpeg',6216,3,'2012-03-12 16:09:10','2020-12-19 03:36:49'),(146,'http://dropbox.net/kinopoisk/odio.jpeg',6208,3,'2019-04-29 10:03:42','2020-12-19 03:36:49'),(147,'http://dropbox.net/kinopoisk/molestiae.png',10346,3,'2015-10-05 05:41:16','2020-12-19 03:36:49'),(148,'http://dropbox.net/kinopoisk/officiis.jpeg',4436,3,'2018-03-12 08:00:18','2020-12-19 03:36:49'),(149,'http://dropbox.net/kinopoisk/impedit.png',2405,3,'2013-07-26 08:38:51','2020-12-19 03:36:49'),(150,'http://dropbox.net/kinopoisk/culpa.png',9982,3,'2011-05-16 03:03:15','2020-12-19 03:36:49'),(244,'http://dropbox.net/kinopoisk/posters/Blandit.jpeg',34224,1,'2020-12-19 03:48:39','2020-12-19 03:53:35'),(245,'http://dropbox.net/kinopoisk/posters/Libero.jpeg',75586,1,'2020-12-19 03:48:39','2020-12-19 03:53:35'),(246,'http://dropbox.net/kinopoisk/posters/Ullam.jpeg',80700,1,'2020-12-19 03:48:39','2020-12-19 03:53:35'),(247,'http://dropbox.net/kinopoisk/posters/Harum.jpeg',74341,1,'2020-12-19 03:48:39','2020-12-19 03:53:35'),(248,'http://dropbox.net/kinopoisk/posters/Aut.png',27207,1,'2020-12-19 03:48:39','2020-12-19 03:53:35'),(249,'http://dropbox.net/kinopoisk/posters/Sed.png',87092,1,'2020-12-19 03:48:39','2020-12-19 03:53:35'),(250,'http://dropbox.net/kinopoisk/posters/Enim.png',67119,1,'2020-12-19 03:48:39','2020-12-19 03:53:35'),(251,'http://dropbox.net/kinopoisk/posters/Dolor.png',64081,1,'2020-12-19 03:48:39','2020-12-19 03:53:35'),(252,'http://dropbox.net/kinopoisk/posters/Offic.png',16646,1,'2020-12-19 03:48:39','2020-12-19 03:53:35'),(253,'http://dropbox.net/kinopoisk/posters/Odio.png',65068,1,'2020-12-19 03:48:39','2020-12-19 03:53:35'),(254,'http://dropbox.net/kinopoisk/posters/Atque.jpeg',80842,1,'2020-12-19 03:48:39','2020-12-19 03:53:35'),(255,'http://dropbox.net/kinopoisk/posters/Autem.png',14449,1,'2020-12-19 03:48:39','2020-12-19 03:53:35'),(256,'http://dropbox.net/kinopoisk/posters/Corrupt.png',95959,1,'2020-12-19 03:48:39','2020-12-19 03:53:35'),(257,'http://dropbox.net/kinopoisk/posters/Rerum.png',57568,1,'2020-12-19 03:48:39','2020-12-19 03:53:35'),(258,'http://dropbox.net/kinopoisk/posters/Minima.jpeg',81885,1,'2020-12-19 03:48:39','2020-12-19 03:53:35'),(259,'http://dropbox.net/kinopoisk/posters/Verit.jpeg',42159,1,'2020-12-19 03:48:39','2020-12-19 03:53:35'),(260,'http://dropbox.net/kinopoisk/posters/Home.jpeg',47062,1,'2020-12-19 03:48:39','2020-12-19 03:53:35'),(261,'http://dropbox.net/kinopoisk/posters/Nulla.png',98593,1,'2020-12-19 03:48:39','2020-12-19 03:53:35'),(262,'http://dropbox.net/kinopoisk/posters/Volupt.png',65060,1,'2020-12-19 03:48:39','2020-12-19 03:53:35'),(263,'http://dropbox.net/kinopoisk/posters/Delect.jpeg',19281,1,'2020-12-19 03:48:39','2020-12-19 03:53:35'),(275,'http://dropbox.net/kinopoisk/trailers/Blandit.wmv',798215,2,'2020-12-19 03:48:49','2020-12-19 03:53:38'),(276,'http://dropbox.net/kinopoisk/trailers/Libero.mov',437043,2,'2020-12-19 03:48:49','2020-12-19 03:53:38'),(277,'http://dropbox.net/kinopoisk/trailers/Ullam.avi',302567,2,'2020-12-19 03:48:49','2020-12-19 03:53:38'),(278,'http://dropbox.net/kinopoisk/trailers/Harum.avi',713709,2,'2020-12-19 03:48:49','2020-12-19 03:53:38'),(279,'http://dropbox.net/kinopoisk/trailers/Aut.mov',868845,2,'2020-12-19 03:48:49','2020-12-19 03:53:38'),(280,'http://dropbox.net/kinopoisk/trailers/Sed.mov',411096,2,'2020-12-19 03:48:49','2020-12-19 03:53:38'),(281,'http://dropbox.net/kinopoisk/trailers/Enim.mov',728947,2,'2020-12-19 03:48:49','2020-12-19 03:53:38'),(282,'http://dropbox.net/kinopoisk/trailers/Dolor.mpg',619447,2,'2020-12-19 03:48:49','2020-12-19 03:53:38'),(283,'http://dropbox.net/kinopoisk/trailers/Offic.avi',654394,2,'2020-12-19 03:48:49','2020-12-19 03:53:38'),(284,'http://dropbox.net/kinopoisk/trailers/Odio.wmv',389632,2,'2020-12-19 03:48:49','2020-12-19 03:53:38'),(285,'http://dropbox.net/kinopoisk/trailers/Atque.mov',496978,2,'2020-12-19 03:48:49','2020-12-19 03:53:38'),(286,'http://dropbox.net/kinopoisk/trailers/Autem.mpg',291994,2,'2020-12-19 03:48:49','2020-12-19 03:53:38'),(287,'http://dropbox.net/kinopoisk/trailers/Corrupt.wmv',481034,2,'2020-12-19 03:48:49','2020-12-19 03:53:38'),(288,'http://dropbox.net/kinopoisk/trailers/Rerum.wmv',505192,2,'2020-12-19 03:48:49','2020-12-19 03:53:38'),(289,'http://dropbox.net/kinopoisk/trailers/Minima.mov',826857,2,'2020-12-19 03:48:49','2020-12-19 03:53:38'),(290,'http://dropbox.net/kinopoisk/trailers/Verit.avi',826710,2,'2020-12-19 03:48:49','2020-12-19 03:53:38'),(291,'http://dropbox.net/kinopoisk/trailers/Home.mov',628981,2,'2020-12-19 03:48:49','2020-12-19 03:53:38'),(292,'http://dropbox.net/kinopoisk/trailers/Nulla.mov',408774,2,'2020-12-19 03:48:49','2020-12-19 03:53:38'),(293,'http://dropbox.net/kinopoisk/trailers/Volupt.mpg',668928,2,'2020-12-19 03:48:49','2020-12-19 03:53:38'),(294,'http://dropbox.net/kinopoisk/trailers/Delect.avi',326317,2,'2020-12-19 03:48:49','2020-12-19 03:53:38');
/*!40000 ALTER TABLE `media` ENABLE KEYS */;
UNLOCK TABLES;

--
-- Table structure for table `media_types`
--

DROP TABLE IF EXISTS `media_types`;
/*!40101 SET @saved_cs_client     = @@character_set_client */;
/*!50503 SET character_set_client = utf8mb4 */;
CREATE TABLE `media_types` (
  `id` tinyint unsigned NOT NULL AUTO_INCREMENT,
  `name` varchar(50) CHARACTER SET utf8 COLLATE utf8_unicode_ci NOT NULL,
  `created_at` datetime DEFAULT CURRENT_TIMESTAMP,
  `updated_at` datetime DEFAULT CURRENT_TIMESTAMP ON UPDATE CURRENT_TIMESTAMP,
  PRIMARY KEY (`id`)
) ENGINE=InnoDB AUTO_INCREMENT=4 DEFAULT CHARSET=utf8 COLLATE=utf8_unicode_ci;
/*!40101 SET character_set_client = @saved_cs_client */;

--
-- Dumping data for table `media_types`
--

LOCK TABLES `media_types` WRITE;
/*!40000 ALTER TABLE `media_types` DISABLE KEYS */;
INSERT INTO `media_types` VALUES (1,'poster','2020-12-19 00:05:22','2020-12-19 00:05:22'),(2,'trailer','2020-12-19 00:05:22','2020-12-19 00:05:22'),(3,'photo','2020-12-19 00:05:22','2020-12-19 00:05:22');
/*!40000 ALTER TABLE `media_types` ENABLE KEYS */;
UNLOCK TABLES;

--
-- Table structure for table `movies`
--

DROP TABLE IF EXISTS `movies`;
/*!40101 SET @saved_cs_client     = @@character_set_client */;
/*!50503 SET character_set_client = utf8mb4 */;
CREATE TABLE `movies` (
  `id` int unsigned NOT NULL AUTO_INCREMENT,
  `name` varchar(50) CHARACTER SET utf8 COLLATE utf8_unicode_ci NOT NULL,
  `raiting` float NOT NULL DEFAULT '0',
  `number_of_views` int unsigned NOT NULL DEFAULT '0',
  `created_at` datetime DEFAULT CURRENT_TIMESTAMP,
  `updated_at` datetime DEFAULT CURRENT_TIMESTAMP ON UPDATE CURRENT_TIMESTAMP,
  PRIMARY KEY (`id`),
  UNIQUE KEY `name` (`name`),
  KEY `movies_raiting_idx` (`raiting`)
) ENGINE=InnoDB AUTO_INCREMENT=21 DEFAULT CHARSET=utf8 COLLATE=utf8_unicode_ci;
/*!40101 SET character_set_client = @saved_cs_client */;

--
-- Dumping data for table `movies`
--

LOCK TABLES `movies` WRITE;
/*!40000 ALTER TABLE `movies` DISABLE KEYS */;
INSERT INTO `movies` VALUES (1,'Blandit',6,6380345,'2014-11-14 10:00:37','2020-12-20 03:30:46'),(2,'Libero',3.5,5507719,'2017-04-20 14:20:16','2020-12-20 03:30:46'),(3,'Ullam',5,5034662,'2020-12-06 04:36:15','2020-12-20 03:30:46'),(4,'Harum',7,9594584,'2012-08-14 21:36:42','2020-12-20 03:30:46'),(5,'Aut',3.3,3523337,'2013-05-28 10:51:07','2020-12-20 03:30:46'),(6,'Sed',6.6,3491033,'2019-03-31 12:15:17','2020-12-20 03:30:46'),(7,'Enim',5.5,1174500,'2013-04-26 11:20:07','2020-12-20 03:30:47'),(8,'Dolor',4.2,8289562,'2019-04-25 06:02:06','2020-12-20 03:30:47'),(9,'Offic',8.6,2713324,'2018-11-08 15:08:48','2020-12-20 03:30:47'),(10,'Odio',4.4,9605949,'2014-09-16 21:33:00','2020-12-20 03:30:47'),(11,'Atque',3.8,3290015,'2019-04-02 08:44:39','2020-12-20 03:30:47'),(12,'Autem',6,4075310,'2013-06-22 09:57:33','2020-12-20 03:30:47'),(13,'Corrupt',4.6,6605834,'2011-06-29 05:00:33','2020-12-20 03:30:47'),(14,'Rerum',4.5,4743181,'2020-02-16 23:54:39','2020-12-20 03:30:48'),(15,'Minima',4.4,9078151,'2020-10-14 13:11:26','2020-12-20 03:30:48'),(16,'Verit',8.3,4233586,'2014-08-04 13:28:26','2020-12-20 03:30:48'),(17,'Home',4.6,6505488,'2011-09-21 17:02:33','2020-12-20 03:30:48'),(18,'Nulla',5,2492379,'2020-02-01 00:54:32','2020-12-20 03:30:48'),(19,'Volupt',6.5,3999698,'2012-12-31 12:42:38','2020-12-20 03:30:48'),(20,'Delect',6,1330429,'2018-03-15 07:11:47','2020-12-20 03:30:48');
/*!40000 ALTER TABLE `movies` ENABLE KEYS */;
UNLOCK TABLES;

--
-- Temporary view structure for view `movies_ratings`
--

DROP TABLE IF EXISTS `movies_ratings`;
/*!50001 DROP VIEW IF EXISTS `movies_ratings`*/;
SET @saved_cs_client     = @@character_set_client;
/*!50503 SET character_set_client = utf8mb4 */;
/*!50001 CREATE VIEW `movies_ratings` AS SELECT 
 1 AS `movie_id`,
 1 AS `rating`*/;
SET character_set_client = @saved_cs_client;

--
-- Table structure for table `professions`
--

DROP TABLE IF EXISTS `professions`;
/*!40101 SET @saved_cs_client     = @@character_set_client */;
/*!50503 SET character_set_client = utf8mb4 */;
CREATE TABLE `professions` (
  `id` tinyint unsigned NOT NULL AUTO_INCREMENT,
  `profession` varchar(15) CHARACTER SET utf8 COLLATE utf8_unicode_ci NOT NULL,
  `created_at` datetime DEFAULT CURRENT_TIMESTAMP,
  PRIMARY KEY (`id`),
  UNIQUE KEY `profession` (`profession`)
) ENGINE=InnoDB AUTO_INCREMENT=5 DEFAULT CHARSET=utf8 COLLATE=utf8_unicode_ci;
/*!40101 SET character_set_client = @saved_cs_client */;

--
-- Dumping data for table `professions`
--

LOCK TABLES `professions` WRITE;
/*!40000 ALTER TABLE `professions` DISABLE KEYS */;
INSERT INTO `professions` VALUES (1,'actor','2020-12-19 00:05:22'),(2,'director','2020-12-19 00:05:22'),(3,'screenwriter','2020-12-19 00:05:22'),(4,'producer','2020-12-19 00:05:22');
/*!40000 ALTER TABLE `professions` ENABLE KEYS */;
UNLOCK TABLES;

--
-- Table structure for table `profiles`
--

DROP TABLE IF EXISTS `profiles`;
/*!40101 SET @saved_cs_client     = @@character_set_client */;
/*!50503 SET character_set_client = utf8mb4 */;
CREATE TABLE `profiles` (
  `user_id` int unsigned NOT NULL,
  `photo_id` int unsigned DEFAULT NULL COMMENT 'Ссылается на таблицу media',
  `gender` enum('M','F') CHARACTER SET utf8 COLLATE utf8_unicode_ci NOT NULL,
  `birthday_at` date DEFAULT NULL,
  `city` varchar(50) CHARACTER SET utf8 COLLATE utf8_unicode_ci DEFAULT NULL,
  `country` varchar(50) CHARACTER SET utf8 COLLATE utf8_unicode_ci DEFAULT NULL,
  `about` text CHARACTER SET utf8 COLLATE utf8_unicode_ci,
  `social_network` varchar(50) CHARACTER SET utf8 COLLATE utf8_unicode_ci DEFAULT NULL,
  `created_at` datetime DEFAULT CURRENT_TIMESTAMP,
  `updated_at` datetime DEFAULT CURRENT_TIMESTAMP ON UPDATE CURRENT_TIMESTAMP,
  PRIMARY KEY (`user_id`),
  KEY `profiles_photo_id_fk` (`photo_id`),
  KEY `profiles_birthday_at_idx` (`birthday_at`),
  KEY `profiles_city_idx` (`city`),
  KEY `profiles_country_idx` (`country`),
  CONSTRAINT `profiles_photo_id_fk` FOREIGN KEY (`photo_id`) REFERENCES `media` (`id`) ON DELETE SET NULL,
  CONSTRAINT `profiles_user_id_fk` FOREIGN KEY (`user_id`) REFERENCES `users` (`id`) ON DELETE CASCADE
) ENGINE=InnoDB DEFAULT CHARSET=utf8 COLLATE=utf8_unicode_ci;
/*!40101 SET character_set_client = @saved_cs_client */;

--
-- Dumping data for table `profiles`
--

LOCK TABLES `profiles` WRITE;
/*!40000 ALTER TABLE `profiles` DISABLE KEYS */;
INSERT INTO `profiles` VALUES (1,NULL,'F','1971-03-10','South Retaton','Botswana','Fugiat occaecati et error aliquam. Porro eum nisi id facere ut. Nesciunt nulla itaque occaecati autem aut tempora. Dolorum possimus facere sunt qui voluptatibus similique numquam.','http://vk.com/sunt','2016-08-20 12:50:17','2020-12-19 04:29:33'),(2,NULL,'F','1973-03-04','East Oren','Albania','Soluta numquam et voluptas eum laboriosam blanditiis non. Quaerat explicabo nihil possimus qui et voluptatem. In ad nulla blanditiis.','http://vk.com/odit','2011-08-04 21:51:50','2020-12-19 04:29:33'),(3,140,'F','2007-06-04','Ramonamouth','China','Molestiae sit possimus quo voluptas rerum. Nobis aut eos natus quia eum in repudiandae. Voluptatem omnis et nostrum ipsam autem quam ullam.','http://vk.com/quos','2016-07-22 07:48:26','2020-12-19 02:44:34'),(4,129,'M','1991-08-13','Loganport','Costa Rica','Dolorem hic qui fugiat sunt rerum. Quia aut sint beatae dolor. Omnis aut qui repellat distinctio.\nSunt aut ratione aut et explicabo et. Quo perferendis dolores ullam. Qui nostrum reiciendis vel.','http://vk.com/exercitationem','2017-11-12 06:22:44','2020-12-19 02:44:34'),(5,113,'M','2016-09-20','North Garth','Estonia','Architecto et culpa porro. Voluptate voluptatem vero est sed et unde. Cumque nesciunt accusamus id inventore repellat repellat distinctio facere.','http://vk.com/eius','2014-05-23 07:42:41','2020-12-19 02:44:34'),(6,78,'F','2019-03-31','Hickleside','Swaziland','Deleniti rem magni natus odit. Asperiores veniam aspernatur voluptas. Consequatur assumenda ipsam voluptate. Atque voluptatibus quam sint id fugit quia vel.','http://vk.com/enim','2013-12-03 19:14:35','2020-12-19 02:44:34'),(7,NULL,'F','1979-01-04','Denesikfort','Sierra Leone','Repellat rerum modi possimus debitis voluptas. Sint cum et eum ut corrupti.','http://vk.com/molestiae','2015-04-25 15:02:26','2020-12-19 04:29:33'),(8,NULL,'F','2014-12-16','West Karianne','New Caledonia','Voluptas cupiditate quo nihil praesentium quis. Harum in ipsum et quod repellat aliquam. Enim quia sunt illo eos sint.','http://vk.com/eos','2018-03-05 08:44:29','2020-12-19 04:29:33'),(9,55,'M','2012-09-01','Port Broderick','Sao Tome and Principe','Vel ab voluptates quia error. Soluta quas quas atque et laborum dolorum.\nEt rem aperiam doloremque molestiae aliquid quos minus. Suscipit et unde exercitationem iste id.','http://vk.com/nesciunt','2012-09-18 15:20:43','2020-12-19 02:44:34'),(10,17,'M','1991-08-21','Keirahaven','Vanuatu','Et et aut voluptates aut non quo. Earum a sed inventore voluptate neque molestiae omnis. Dolorem illo alias harum non repellendus. Corrupti ut aut quo.','http://vk.com/et','2015-05-18 13:50:07','2020-12-19 02:44:34'),(11,98,'F','2019-06-08','Kundefort','Norway','Vel non blanditiis at ut iste nostrum dolorum. Esse et alias iste cupiditate autem laboriosam. Omnis nisi fugiat debitis eveniet. Praesentium saepe iusto sit voluptate sunt veniam odio.','http://vk.com/ipsam','2011-12-01 14:25:29','2020-12-19 02:44:34'),(12,NULL,'M','1987-08-13','Domingofurt','Kiribati','Sunt consectetur sunt eaque error tempora ea. Rerum accusantium laboriosam iste veritatis quia. Ut eius aut nobis eaque ullam.','http://vk.com/quia','2018-01-06 01:21:28','2020-12-19 04:29:33'),(13,14,'F','1998-02-23','North Nola','Antigua and Barbuda','Quod vel deleniti doloribus quia. Sint nobis est tempora repellendus. Dolorum soluta ex cum porro maxime consequuntur dolor commodi.','http://vk.com/magni','2012-07-10 01:42:30','2020-12-19 02:44:34'),(14,84,'F','2011-06-08','Bahringerberg','Bolivia','Saepe dolores tempore tempore cum deleniti odit dolores. Sint repellat reiciendis aut doloremque. Repellendus dignissimos ducimus enim est. Vero nisi voluptatem tempora consequatur libero molestiae.','http://vk.com/amet','2017-08-25 23:12:34','2020-12-19 02:44:34'),(15,22,'M','2015-08-01','Huelstad','Vietnam','Ut magnam qui suscipit aspernatur recusandae nisi ex. Fugiat repellendus facilis dolore sunt.','http://vk.com/dolores','2014-11-03 05:13:11','2020-12-19 02:44:34'),(16,147,'M','2001-04-02','Hortenseton','Mauritania','Iusto explicabo nostrum amet et expedita. Earum reiciendis natus esse ab aut magnam eveniet. Atque qui corporis necessitatibus ad sequi velit.','http://vk.com/non','2018-08-03 09:15:54','2020-12-19 02:44:34'),(17,79,'F','1999-02-04','Molliemouth','Zimbabwe','Blanditiis fugit deleniti delectus amet. Vero necessitatibus rerum ad dolore expedita aut ipsum. Unde non reiciendis exercitationem tenetur aut debitis.','http://vk.com/qui','2013-07-11 07:18:21','2020-12-19 02:44:34'),(18,4,'M','1997-06-24','Feeststad','Northern Mariana Islands','Earum inventore voluptatibus sed suscipit. Molestiae id temporibus minima est et fuga eum enim. Quis culpa eligendi ut quas labore. Excepturi nulla voluptas ut ut error minima. Magnam ut quam in.','http://vk.com/vero','2015-07-01 14:12:45','2020-12-19 02:44:34'),(19,105,'F','1996-09-15','Port Bernhard','Niue','Harum id adipisci nostrum omnis. Debitis omnis consequuntur ut impedit ducimus unde. Corporis iste harum laudantium.','http://vk.com/beatae','2017-05-30 14:51:43','2020-12-19 02:44:34'),(20,90,'F','2000-04-05','Juvenalborough','Latvia','Alias quia voluptas voluptatem tempora eum asperiores non. Modi sint enim inventore et ratione aut cum qui. Nesciunt neque quia est atque dolores.','http://vk.com/ut','2012-12-23 04:21:40','2020-12-19 02:44:34'),(21,83,'M','1982-12-15','Rodriguezbury','Chile','Soluta quae est aut. Temporibus laborum sunt ut aut quas dolores commodi. Voluptatibus laudantium quos quo nisi aperiam quo laboriosam. Beatae quaerat voluptas maiores nihil quidem sunt.','http://vk.com/tenetur','2018-07-27 08:09:51','2020-12-19 02:44:34'),(22,54,'M','1998-03-31','Hammeston','Pakistan','Officia magnam quia molestiae voluptatem a possimus. Deleniti sit voluptas et explicabo aut. Ea doloribus aut error tenetur. Sint quibusdam aliquam ipsum ut sunt in.','http://vk.com/inventore','2020-02-28 04:59:10','2020-12-19 02:44:34'),(23,NULL,'M','2016-10-17','Sporertown','Dominican Republic','Sit labore nulla et et sunt voluptatem animi. Et omnis recusandae in recusandae culpa fugit repudiandae. Nobis earum odit ea quas distinctio. Eos numquam repellendus soluta non.','http://vk.com/nulla','2016-01-18 16:54:08','2020-12-19 04:29:33'),(24,NULL,'M','1971-09-08','Hayesmouth','Colombia','Provident aspernatur excepturi nesciunt quas dolorum maiores. Nostrum est ducimus et tempore delectus aspernatur odio. Aut iusto sint porro reprehenderit recusandae aspernatur.','http://vk.com/illo','2014-06-06 11:40:31','2020-12-19 04:29:33'),(25,27,'M','2011-04-20','North Theresaville','Sierra Leone','Consequatur qui sit doloremque ex in accusamus. Earum quaerat rerum veniam eveniet. Labore commodi saepe voluptatem unde vel voluptatem omnis enim.','http://vk.com/eligendi','2013-09-08 05:45:32','2020-12-19 02:44:34'),(26,NULL,'F','2002-06-19','East Joanaview','Fiji','Rerum accusantium veniam doloribus praesentium aut. Ex neque reprehenderit quod. Omnis voluptatum quidem vel et aut non in. Aliquid eveniet et eos ad in quia.','http://vk.com/natus','2019-09-02 21:05:46','2020-12-19 04:29:33'),(27,48,'M','2007-04-16','Dedricbury','Andorra','Officiis id et hic consectetur sapiente debitis veniam. Voluptatem dolor praesentium et a iure voluptatem minima. Quibusdam in est deserunt saepe.','http://vk.com/numquam','2020-03-10 21:59:13','2020-12-19 02:44:34'),(28,NULL,'M','1976-10-08','Tessieland','Morocco','Officia eligendi et odio assumenda tenetur. Ut itaque numquam provident a ad fuga labore. Omnis mollitia et iure et vero. Fugiat est et cumque ea.','http://vk.com/dicta','2020-03-23 18:49:10','2020-12-19 04:29:33'),(29,NULL,'F','1978-03-31','Jordibury','Guatemala','Rerum quis aut quidem quibusdam repellendus. Ex nobis et cum doloribus eveniet. Exercitationem perferendis sint sunt adipisci. Ab non minus doloremque amet.','http://vk.com/accusamus','2015-11-12 10:52:35','2020-12-19 04:29:33'),(30,NULL,'F','2001-02-08','Kaylieton','Czech Republic','Et qui natus reprehenderit doloremque. Porro voluptate iure voluptatem officia voluptatem. Aperiam odit et dolores veniam fugit nam. A mollitia iusto fugiat aut est.','http://vk.com/debitis','2013-03-30 03:31:16','2020-12-19 04:29:33'),(31,NULL,'F','2016-11-13','Petramouth','Micronesia','In pariatur sit id minus assumenda. Et enim iste adipisci iste aut quo.','http://vk.com/facilis','2010-12-24 19:54:06','2020-12-19 04:29:33'),(32,77,'M','1977-08-27','Port Devonte','Sri Lanka','Magni corrupti saepe commodi. Laudantium recusandae praesentium harum qui officia modi et. Perferendis possimus harum unde dolorem.','http://vk.com/pariatur','2018-03-26 09:25:31','2020-12-19 02:44:34'),(33,47,'F','1996-08-20','North Velmabury','Trinidad and Tobago','Soluta quibusdam nisi magni est. Sint quaerat praesentium est minus et quia voluptate. At id dolorem tempora cumque vitae itaque. Temporibus cupiditate officiis mollitia qui.','http://vk.com/nisi','2011-06-11 12:35:12','2020-12-19 02:44:34'),(34,131,'M','1975-09-14','South Kaley','Saint Martin','Quam consectetur quis assumenda voluptates. Enim sapiente necessitatibus nulla eaque voluptas. Nesciunt officia corrupti quis sunt est facilis.','http://vk.com/facere','2017-05-12 03:54:33','2020-12-19 02:44:34'),(35,32,'M','2002-04-06','Cesarville','Netherlands','Inventore soluta modi eaque facere ut non aut saepe. Commodi dicta minima officia porro voluptas. Quaerat ut dignissimos et pariatur facere.','http://vk.com/nemo','2012-03-20 22:26:36','2020-12-19 02:44:34'),(36,NULL,'M','1983-09-15','South Vivienneshire','Portugal','Explicabo itaque dolorem vel molestiae. Voluptates nesciunt nostrum sint. Et enim ut ad odio.','http://vk.com/tempore','2013-08-20 19:50:48','2020-12-19 04:29:33'),(37,NULL,'F','1978-03-10','Tayaberg','Turkmenistan','Reiciendis asperiores corrupti nemo ea. Eum similique amet cupiditate et. Sit dolor maiores consequatur at aut debitis totam. Et et incidunt provident sit.','http://vk.com/aut','2016-12-04 12:40:56','2020-12-19 04:29:33'),(38,NULL,'F','1994-12-19','Watsicaview','French Southern Territories','Quo tempore quaerat voluptatem doloribus similique. Sapiente omnis maiores sint nulla. Mollitia facilis vitae debitis officiis est iste amet.','http://vk.com/perferendis','2017-08-12 03:42:09','2020-12-19 04:29:33'),(39,12,'F','1980-03-20','Estaville','Switzerland','Omnis saepe praesentium iusto quis voluptatum. Temporibus quia omnis commodi dolorem provident maiores est.','http://vk.com/veritatis','2018-06-30 20:27:47','2020-12-19 02:44:34'),(40,108,'M','1995-11-20','Hannaburgh','Burundi','Reprehenderit enim quas tenetur aut. Quo et quis et porro. Dolorem dolorem dolores facilis illo. Et assumenda rerum magni est ipsam. Est asperiores sed et sequi.','http://vk.com/doloribus','2015-11-10 00:43:33','2020-12-19 02:44:34'),(41,NULL,'F','2020-11-18','New Ayla','Thailand','Autem doloribus reiciendis iusto dolores nostrum placeat consequuntur. Necessitatibus a maiores in quidem enim enim possimus. Esse ratione voluptas maxime ducimus velit et voluptatibus.','http://vk.com/soluta','2014-03-14 21:09:18','2020-12-19 04:29:33'),(42,NULL,'M','2007-07-23','East Kianna','Saint Lucia','Qui veniam cum praesentium eum impedit. Enim harum cumque enim. Omnis voluptas sit sunt.','http://vk.com/distinctio','2012-10-06 09:09:09','2020-12-19 04:29:33'),(43,NULL,'F','2001-02-19','Yolandahaven','Nicaragua','Quae exercitationem quis odio sed ratione quod. Ullam possimus eligendi rerum aut et. Dignissimos tempore doloribus omnis tempora quia ipsum. Assumenda ipsa quia vitae.','http://vk.com/rerum','2020-08-22 20:56:50','2020-12-19 04:29:33'),(44,NULL,'M','1999-08-12','Fishermouth','Niue','Cupiditate aperiam unde totam magni. Nobis consequatur explicabo et laudantium molestiae corrupti. Et veniam iure incidunt placeat dolor. Dolorem animi soluta fuga ad pariatur esse doloremque.','http://vk.com/doloremque','2017-08-20 01:10:27','2020-12-19 04:29:33'),(45,NULL,'F','2012-02-12','New Jeanetteport','Russian Federation','Necessitatibus sunt veniam dolor sed deserunt porro reprehenderit sed. Ipsum sed sit rem sint voluptas aut. Veritatis recusandae ut repudiandae nihil ratione officia.','http://vk.com/asperiores','2011-05-13 12:05:24','2020-12-19 04:29:33'),(46,NULL,'M','2009-07-27','South Rorytown','Panama','Quasi libero autem eveniet. Tempore dolor quidem quo porro enim.','http://vk.com/illum','2017-04-09 11:03:51','2020-12-19 04:29:33'),(47,NULL,'M','2017-04-14','South Kayley','Ecuador','Minus alias dolorem reiciendis non aliquam sit vel. At praesentium eum nostrum mollitia commodi ipsa magni. Voluptas magni explicabo qui. Quia cumque necessitatibus quae perspiciatis fugiat.','http://vk.com/dolor','2013-11-13 12:48:02','2020-12-19 04:29:33'),(48,62,'M','1998-11-24','Joanachester','Anguilla','Eligendi non cum ut non. Voluptate ducimus tenetur qui cumque neque occaecati. Quas distinctio molestias non nam. Quae sint suscipit dolores labore.','http://vk.com/necessitatibus','2017-07-08 16:11:09','2020-12-19 02:44:34'),(49,92,'M','1994-03-24','Teresashire','Belize','Rem odio architecto eum veritatis facere corrupti. Ut voluptates architecto deserunt nam velit. Fugiat consequatur in molestiae at voluptas. Labore aut aspernatur neque eius autem earum facere illo.','http://vk.com/eum','2014-05-10 08:39:50','2020-12-19 02:44:34'),(50,18,'F','1982-07-13','Boyerborough','Argentina','Fugit consequatur quae soluta sed sunt. Velit voluptatem aut consectetur et non sit molestiae. Impedit libero excepturi iste voluptate repellendus libero. Est atque minima accusamus non.','http://vk.com/alias','2019-02-11 22:14:13','2020-12-19 02:44:34'),(51,99,'M','1981-09-16','New Carrieborough','Tanzania','Nisi quam omnis perferendis aut expedita. Consequuntur omnis odit deleniti ducimus commodi voluptatem sit. Perspiciatis in est autem nam ut.','http://vk.com/aspernatur','2020-04-29 12:23:16','2020-12-19 02:44:34'),(52,NULL,'F','1972-08-02','New Tamara','Andorra','Sed in qui aut repellat. Ut tenetur quos quis. Libero minima ut earum dolor tempore dicta debitis. Dolorem numquam consectetur necessitatibus ullam distinctio dicta molestiae.','http://vk.com/iusto','2018-03-12 14:15:59','2020-12-19 04:29:33'),(53,NULL,'F','1984-09-11','North Abigaleburgh','Saint Kitts and Nevis','Maxime autem optio laudantium eos molestiae voluptas. Quos adipisci quae quo iusto libero. Laborum sed maxime facilis. Error sapiente non soluta enim sit rerum optio.','http://vk.com/corrupti','2014-11-20 10:51:02','2020-12-19 04:29:33'),(54,NULL,'M','1997-03-18','Euniceview','Saint Martin','Dignissimos ut veniam esse sequi fugiat quam. Dignissimos deleniti sunt molestiae sit est.\nIllo temporibus corrupti omnis id quae. Inventore odio repudiandae modi voluptatem.','http://vk.com/autem','2019-07-30 16:22:37','2020-12-19 04:29:33'),(55,NULL,'M','1999-02-22','Mackville','Palestinian Territory','Eum sunt sunt aut voluptate culpa ipsa pariatur atque. Et sunt iusto vel perspiciatis qui. Et voluptates sit cum quo suscipit officiis.','http://vk.com/totam','2011-11-27 19:52:58','2020-12-19 04:29:33'),(56,NULL,'F','1980-06-21','Wittingfort','Benin','Eum non corrupti vero ducimus voluptatibus eligendi. Nulla nihil rerum voluptas quos. Dolor deleniti omnis inventore recusandae dicta. Suscipit iusto pariatur voluptas eum.','http://vk.com/impedit','2012-06-04 20:00:47','2020-12-19 04:29:33'),(57,NULL,'F','2001-06-08','East Jailynton','Djibouti','Aperiam veritatis consectetur illo consequuntur nam et fugiat. Reprehenderit aspernatur nemo modi sequi.','http://vk.com/dolorum','2017-02-20 21:19:44','2020-12-19 04:29:33'),(58,114,'F','1970-03-26','Roobland','Saint Kitts and Nevis','Sapiente quos sequi nesciunt sapiente placeat libero est. Rerum sit architecto eos qui quidem facere aliquam voluptate. Ut nihil in voluptas maxime. Quae odit sit odit ut ipsa.','http://vk.com/dolorem','2011-06-02 13:00:09','2020-12-19 02:44:34'),(59,146,'F','2009-08-17','Johnsonville','Mozambique','Nobis ipsam deserunt optio voluptate sed. Repudiandae voluptas reprehenderit vero harum ab. Voluptate sunt vitae eum enim dolore deserunt adipisci. Qui eos nisi commodi aut.','http://vk.com/incidunt','2016-11-24 21:34:45','2020-12-19 02:44:34'),(60,NULL,'F','2004-01-12','East Kallieview','Czech Republic','Tempore quae et rerum rem harum totam. Aliquid iure explicabo enim aut. In iure voluptas qui hic ut officiis.','http://vk.com/voluptas','2014-03-22 09:19:03','2020-12-19 04:29:33'),(61,NULL,'F','1978-09-07','East Grace','French Southern Territories','Dolore dolores adipisci aperiam sint. Ut sed consectetur mollitia voluptas. Id repellat voluptas nam ut sed quam sint. Nisi nam quia odio quis ut placeat.','http://vk.com/in','2013-05-08 10:55:21','2020-12-19 04:29:33'),(62,135,'M','2016-11-15','Blicktown','Mexico','Veritatis aut iusto inventore. Est sunt quod voluptate ipsa ratione labore. Doloremque odio provident optio sunt officia. Corporis hic ipsa alias facere.','http://vk.com/excepturi','2020-02-10 04:06:50','2020-12-19 02:44:34'),(63,NULL,'M','1982-11-26','Benfurt','Sierra Leone','Doloremque eveniet id quos modi laborum libero. Ut fuga aperiam assumenda aut laborum. Aut atque et officia fugiat aspernatur et enim.','http://vk.com/consectetur','2016-09-25 11:21:33','2020-12-19 04:29:33'),(64,110,'M','1974-02-24','Romagueraton','Faroe Islands','Animi quia dolorem ducimus voluptatem qui reiciendis. Quisquam eos explicabo sed doloribus. Consequatur accusamus et veniam alias. Quidem harum dicta ullam odio nobis.','http://vk.com/officiis','2014-08-06 03:14:31','2020-12-19 02:44:34'),(65,94,'M','1972-09-09','West Leochester','Afghanistan','Temporibus dolores quia pariatur architecto. Nobis in sint eos blanditiis voluptatum. Qui ducimus delectus voluptatibus officiis excepturi esse nemo aut. Est nemo sed dignissimos nisi incidunt.','http://vk.com/sequi','2014-12-08 04:02:33','2020-12-19 02:44:34'),(66,106,'M','1970-02-09','East Johnny','Italy','Quo sapiente nihil aut quis. Quae qui esse adipisci numquam amet rerum repellendus. Tempore sed necessitatibus sapiente illo dolorem sunt non. Aperiam quia ut et aut autem quo.','http://vk.com/sint','2016-03-17 02:00:25','2020-12-19 02:44:34'),(67,NULL,'F','1987-04-14','West Mckenna','Paraguay','Magnam eum vitae aut et animi sunt. Assumenda sapiente dolores ducimus odit quasi molestiae et. Nihil labore rem occaecati aut fugiat. Nisi consequatur voluptatem dolores consectetur repellat.','http://vk.com/dolore','2011-01-11 13:29:18','2020-12-19 04:29:33'),(68,34,'F','1973-02-06','West Filomenaview','Turks and Caicos Islands','Aut sit excepturi sunt qui voluptatem qui. Ut earum aliquam qui in.','http://vk.com/ab','2017-04-08 17:15:18','2020-12-19 02:44:34'),(69,NULL,'M','2012-04-03','Turcotteland','Guernsey','Nostrum aut dicta porro. Voluptatem enim mollitia cupiditate beatae. Totam est sed cupiditate. Facere aut corrupti blanditiis ut ea maxime et. Harum debitis molestias aperiam qui libero et.','http://vk.com/ea','2012-06-11 20:23:57','2020-12-19 04:29:33'),(70,66,'M','2000-02-02','New Adrientown','Guernsey','Tenetur id quia nobis delectus. Rem beatae est eligendi tempora nulla. Dignissimos tempore sed pariatur hic repellendus ut. Expedita qui exercitationem autem sed consequuntur.','http://vk.com/porro','2015-06-28 15:17:06','2020-12-19 02:44:34'),(71,49,'M','1970-09-05','South Karli','Norfolk Island','In expedita natus officia rem quia hic libero eveniet. Distinctio soluta est quibusdam. Eos qui dolores sed quaerat magni.','http://vk.com/quam','2015-02-21 16:54:58','2020-12-19 02:44:34'),(72,45,'F','2005-05-11','Lafayetteland','Iran','Alias dolor aut magni ipsum. Sit culpa nobis delectus libero quia. Laborum hic dolores rerum temporibus illo. Facilis non inventore voluptas praesentium voluptatibus qui et et.','http://vk.com/provident','2016-08-02 01:01:31','2020-12-19 02:44:34'),(73,NULL,'M','1971-12-23','Lowellbury','Aruba','Incidunt commodi voluptatem itaque ea distinctio et. Illum tenetur reiciendis temporibus aut et ullam cupiditate libero. Cupiditate ut vel nostrum ad quas vitae.','http://vk.com/laborum','2017-05-11 02:08:06','2020-12-19 04:29:33'),(74,23,'M','1977-03-31','New Kolby','Tanzania','A magnam sequi quis qui. Doloremque accusamus tempore reprehenderit minima ut sed eligendi. In voluptas molestiae possimus iste ad magnam. Fuga recusandae harum iste dolorum possimus.','http://vk.com/adipisci','2011-06-17 18:32:55','2020-12-19 02:44:34'),(75,132,'M','2006-11-26','East Kayleighberg','Cayman Islands','Nobis velit doloremque commodi qui consectetur. Aperiam dolores molestias sit ab. Optio occaecati maxime quo non et. Pariatur et id veniam.','http://vk.com/fugit','2013-10-05 21:20:55','2020-12-19 02:44:34'),(76,142,'F','1990-07-11','Torphyborough','Palestinian Territory','Velit quasi excepturi cum accusamus. Perspiciatis aliquam aperiam ipsam asperiores mollitia.','http://vk.com/reiciendis','2017-10-08 07:36:36','2020-12-19 02:44:34'),(77,60,'F','1973-11-04','Anyaside','Bouvet Island (Bouvetoya)','Vero ut molestiae adipisci soluta odit tempora. Numquam adipisci voluptatibus velit aut. Quae occaecati illum magni magni recusandae quibusdam. Provident pariatur consequuntur quas.','http://vk.com/sed','2015-10-28 01:47:19','2020-12-19 02:44:34'),(78,NULL,'F','2012-11-24','Port Juliashire','Liberia','Atque quos minus voluptatem beatae praesentium sunt. Earum eos voluptatem voluptatem magnam consequatur sunt. Consequuntur aut quia quia eum modi qui.','http://vk.com/libero','2012-03-19 12:17:33','2020-12-19 04:29:33'),(79,NULL,'M','2000-05-09','Generalland','Niue','Fuga accusamus repudiandae adipisci ipsum nam dolorum dignissimos ut. Quod consequatur laudantium eaque.','http://vk.com/fugiat','2014-09-04 15:20:12','2020-12-19 04:29:33'),(80,NULL,'F','2006-03-25','Port Libbiefort','Mozambique','Nulla sequi repellat non dolores mollitia ut. A qui occaecati aut dignissimos nobis tempore nulla. Veritatis quibusdam et doloremque fugiat dolorem inventore officiis.','http://vk.com/fuga','2014-06-18 04:23:49','2020-12-19 04:29:33'),(81,NULL,'M','1981-03-06','North Jarredmouth','Ukraine','Corrupti placeat ut possimus. Mollitia error accusantium doloribus est amet aut. Nihil at numquam illum officiis explicabo nihil et.','http://vk.com/id','2013-04-26 16:44:34','2020-12-19 04:29:33'),(82,120,'F','2002-01-29','Kentonborough','United Arab Emirates','Voluptas nulla iusto dolor et nam ut voluptatem quam. Enim quia voluptates sed atque odio voluptate quae. Delectus quo veniam ut distinctio atque voluptas corporis. At consequatur aut delectus.','http://vk.com/iure','2011-08-30 00:11:54','2020-12-19 02:44:34'),(83,NULL,'F','1998-07-23','Dextermouth','Portugal','Eligendi temporibus accusantium libero. Qui velit quibusdam alias sint. Nisi aut occaecati voluptas dolore veritatis non. Cupiditate consequatur fugiat officia et recusandae iusto.','http://vk.com/deleniti','2019-11-17 15:10:15','2020-12-19 04:29:33'),(84,65,'F','1974-05-16','Colleenland','Cuba','Occaecati incidunt neque quia repudiandae perferendis sint optio magnam. Incidunt sunt vel assumenda quia quia ab magni. Excepturi harum et quisquam explicabo incidunt rerum ea.','http://vk.com/voluptatibus','2020-10-04 20:03:28','2020-12-19 02:44:34'),(85,1,'M','1987-07-06','Port Mathilde','Iran','Dignissimos exercitationem perferendis commodi nobis quis eligendi velit autem. Pariatur in magnam aut dolor qui aut aliquid cum. Labore nesciunt ex repudiandae officiis sit voluptates.','http://vk.com/eveniet','2017-06-25 23:48:33','2020-12-19 02:44:34'),(86,44,'F','1978-04-08','New Pink','Luxembourg','Perferendis sit laborum eos. Optio est eius quis ut quis voluptatem. Aut quo magni voluptatum fugiat est. Occaecati qui non voluptatem cupiditate quia.','http://vk.com/repellendus','2014-01-19 03:48:49','2020-12-19 02:44:34'),(87,NULL,'M','1989-05-16','Cassinstad','Pakistan','Nihil dolor deleniti nihil architecto asperiores nostrum non. Qui laudantium numquam illo eos fugiat mollitia. Est laborum rem vero perferendis ipsam. Aspernatur eveniet officia cum voluptas.','http://vk.com/suscipit','2017-06-05 20:49:51','2020-12-19 04:29:33'),(88,NULL,'M','2017-08-12','South Jaron','France','Nulla est nostrum fugiat. Et tempore dolor occaecati ea eum magnam. Doloremque iusto veniam consequuntur aliquam. Blanditiis ea eos consequatur omnis.','http://vk.com/atque','2015-11-14 01:23:34','2020-12-19 04:29:33'),(89,130,'F','2001-11-07','Feeneyfort','Libyan Arab Jamahiriya','Quis eos voluptatum qui sit nesciunt eius minima qui. Beatae eligendi non ut aut laudantium possimus. Repellendus voluptatem consequuntur aut et voluptatem earum necessitatibus in.','http://vk.com/velit','2017-02-26 12:06:09','2020-12-19 02:44:34'),(90,21,'F','2010-06-30','Rempelside','Belize','A rerum autem tempore fuga. Dolore ullam magnam assumenda excepturi nihil accusamus. Et quisquam modi ut sint labore consequatur. Veniam excepturi illo excepturi inventore impedit praesentium est.','http://vk.com/sit','2012-05-25 08:02:28','2020-12-19 02:44:34'),(91,NULL,'F','2012-09-27','Borerside','Solomon Islands','Vel autem sed aut ut aliquid beatae fuga. Dolorem voluptatum excepturi eius inventore sed expedita sint. Id cupiditate esse repudiandae.','http://vk.com/nobis','2012-02-19 03:24:43','2020-12-19 04:29:33'),(92,123,'M','2019-09-19','Lueilwitzfurt','Guam','Accusantium quas rerum consequatur sed saepe. Dolorum aut ratione quod est sint. Dolorem odit aut dolore tempora ut asperiores distinctio. Alias molestias eum aut nobis itaque et.','http://vk.com/accusantium','2012-03-05 10:03:40','2020-12-19 02:44:34'),(93,NULL,'M','2018-11-12','Port Nickolas','Saint Lucia','Molestiae necessitatibus neque id nemo. Rerum omnis reprehenderit doloremque qui libero. Molestiae illum labore eos. Unde alias id ratione blanditiis repudiandae quo autem.','http://vk.com/ratione','2018-07-23 10:01:19','2020-12-19 04:29:33'),(94,36,'M','1975-04-05','Antoniaville','Venezuela','Dolorum consequuntur est rerum. Ut sunt earum doloribus tenetur. Harum iste voluptas quibusdam dolores corrupti.','http://vk.com/minima','2015-11-19 19:30:11','2020-12-19 02:44:34'),(95,85,'F','1982-11-17','North Keelybury','Botswana','Natus facilis sed rerum. Velit doloremque quia vitae et non in. Impedit dolor sapiente velit ex sequi recusandae earum. Omnis vel quibusdam iusto rerum modi perspiciatis.','http://vk.com/est','2018-03-15 05:44:53','2020-12-19 02:44:34'),(96,NULL,'F','2002-09-15','Ocieport','Saint Vincent and the Grenadines','Illo modi odio ut porro qui earum. Facere exercitationem dolorum dolore. Id occaecati vel fugiat saepe omnis aut aut.','http://vk.com/quibusdam','2016-11-18 06:29:18','2020-12-19 04:29:33'),(97,NULL,'M','2005-04-03','Volkmanhaven','Algeria','Praesentium eligendi corporis molestias quae voluptas aliquam. Repellendus rem voluptatem enim. Voluptate nemo rerum sit eveniet.','http://vk.com/consequatur','2020-07-03 06:29:43','2020-12-19 04:29:33'),(98,NULL,'F','2006-06-18','Rennerville','Bermuda','Earum veniam fugiat sint asperiores. Est fugit velit dignissimos qui eaque nam omnis. Qui nihil eum sit facilis nostrum. Nisi et aperiam nostrum consequatur et ab.','http://vk.com/reprehenderit','2011-10-06 19:58:44','2020-12-19 04:29:33'),(99,NULL,'F','1986-03-26','New Liaburgh','French Guiana','Fugit cupiditate labore excepturi esse. Ullam molestiae corporis libero suscipit voluptatem similique et. Ex pariatur in repellat fugiat deleniti ut et.','http://vk.com/aliquam','2020-03-26 06:25:45','2020-12-19 04:29:33'),(100,NULL,'F','2009-06-10','Port Lailabury','Fiji','Et aliquid quidem iste non. Ut recusandae assumenda occaecati ad aliquam. Repellendus sed molestias necessitatibus voluptatem. Omnis modi et molestias voluptatem.','http://vk.com/quisquam','2015-01-05 06:27:04','2020-12-19 04:29:33'),(101,NULL,'M','1979-04-30','Weststad','New Zealand','Earum vel similique vel possimus. Qui veritatis natus qui eius temporibus alias. Et eum repellat facilis ducimus qui sed quis quis. Quia accusantium qui repudiandae nulla.','http://vk.com/quaerat','2011-10-05 17:10:26','2020-12-19 04:29:33'),(102,NULL,'M','1974-06-20','West Virgie','Romania','Occaecati rerum et sed et nisi. Sed labore quo sunt veritatis distinctio temporibus qui eligendi. In voluptate aliquam qui atque consequatur dolorum.','http://vk.com/animi','2011-08-21 03:23:43','2020-12-19 04:29:33'),(103,24,'M','2016-09-03','Deshaunside','Sweden','Distinctio sapiente ab non est. Et a et et illum veniam. Impedit eum veniam ut dolore ut omnis.','http://vk.com/saepe','2017-01-26 16:44:52','2020-12-19 02:44:34'),(104,NULL,'M','2002-09-13','New Roma','Swaziland','Sint quam et rerum. Nesciunt omnis at qui fuga voluptates eos. Laborum ipsum veritatis numquam illum molestiae quaerat. Voluptatibus ut voluptatem natus voluptas et fugit omnis aut.','http://vk.com/culpa','2020-01-24 21:20:54','2020-12-19 04:29:33'),(105,19,'M','1973-05-09','East Lilianemouth','Burkina Faso','Itaque rerum aliquam aut qui quas quod recusandae. Architecto sed sunt aut ratione voluptatem facere. Error repudiandae neque qui quis voluptatem neque.','http://vk.com/ipsum','2020-10-27 00:52:22','2020-12-19 02:44:34'),(106,NULL,'F','2009-11-17','Langworthmouth','American Samoa','Voluptatibus excepturi enim molestiae in non sapiente blanditiis non. Eum commodi cum optio facere excepturi sequi. Voluptas et voluptates quibusdam aut aut earum.','http://vk.com/iste','2019-12-17 11:57:52','2020-12-19 04:29:33'),(107,95,'M','2019-04-26','Langside','Jersey','Deleniti incidunt quis consequatur facere maiores. Quia ea illum animi atque. Reiciendis unde esse vero cumque. Ut repudiandae fugiat quo veritatis.','http://vk.com/maiores','2016-10-16 00:03:28','2020-12-19 02:44:34'),(108,NULL,'M','1983-11-22','New Modestoside','Macedonia','Eligendi tempore nesciunt ratione natus sed eos. Quibusdam repellat similique ipsum magni similique sed. Eos rerum magni numquam.','http://vk.com/laudantium','2020-11-12 02:13:19','2020-12-19 04:29:33'),(109,NULL,'M','1975-02-16','Kaylinhaven','Eritrea','Est cumque consequatur consectetur sunt reprehenderit ducimus. Earum sed aut ipsum. Vitae aspernatur nemo id ut.','http://vk.com/recusandae','2012-04-05 22:05:05','2020-12-19 04:29:33'),(110,58,'F','1971-12-06','Lilahaven','Norfolk Island','Exercitationem dicta accusantium dignissimos quasi. Cumque occaecati necessitatibus quaerat libero iste.','http://vk.com/repellat','2019-08-13 11:37:14','2020-12-19 02:44:34'),(111,115,'M','1984-02-17','Port Rickieburgh','Namibia','Fuga in et dolore aut ipsam quisquam doloremque. Et debitis molestiae neque illum voluptatem. Ipsam eius quia architecto est voluptatem neque voluptatem optio. Non a explicabo assumenda.','http://vk.com/quidem','2012-03-15 17:06:26','2020-12-19 02:44:34'),(112,NULL,'F','2007-06-19','West Ubaldochester','Bolivia','Ratione vitae voluptas quo culpa quod. Minus doloremque nostrum adipisci excepturi similique recusandae. Voluptatem ut unde ullam est quae. Voluptate recusandae molestias culpa laboriosam.','http://vk.com/deserunt','2016-01-05 02:49:15','2020-12-19 04:29:33'),(113,53,'M','2002-03-29','Carrollmouth','Netherlands Antilles','Nostrum eos omnis in ut tenetur non. Est omnis placeat voluptas aperiam. Vel eaque ipsum qui quia architecto ipsam praesentium rerum. Et voluptatem excepturi perspiciatis voluptates.','http://vk.com/repudiandae','2015-12-01 21:36:24','2020-12-19 02:44:34'),(114,NULL,'F','1973-10-03','North Robin','Saint Pierre and Miquelon','Autem eius nobis eaque praesentium. Occaecati dolore similique veniam non modi et explicabo. Sint ipsam accusantium ratione rerum reprehenderit et aut.','http://vk.com/optio','2012-03-04 02:45:38','2020-12-19 04:29:33'),(115,67,'F','2020-03-03','North Jenniferchester','Suriname','Quis vero qui deleniti nobis voluptas quibusdam. Nihil quod perspiciatis aut vitae nesciunt ea. Qui ad cum assumenda quae et et est.','http://vk.com/vel','2012-04-13 09:05:44','2020-12-19 02:44:34'),(116,NULL,'M','1985-02-11','New Felipe','Saint Pierre and Miquelon','Aliquam atque libero fugiat asperiores asperiores recusandae voluptatum. Repellendus numquam est illum quae. Tenetur sunt deleniti illo sunt. Non rerum aliquam rerum assumenda doloribus.','http://vk.com/ad','2013-08-24 14:28:24','2020-12-19 04:29:33'),(117,109,'F','1973-12-24','Maynardport','Zimbabwe','Rerum sint nesciunt id quos corporis. Officiis ducimus consequatur voluptatem id eos aut et omnis. Consequatur eligendi harum dolorum.','http://vk.com/omnis','2017-11-02 19:00:03','2020-12-19 02:44:34'),(118,NULL,'F','1990-09-10','Leschfort','Mongolia','Dolores fugiat non quis consequatur eius voluptatibus ea. Aut sit provident veritatis ex.','http://vk.com/a','2015-07-18 13:27:23','2020-12-19 04:29:33'),(119,38,'M','2008-09-19','East Durward','Benin','Ut dolorem quia fugiat tempora suscipit. Deserunt dolorem qui nam facilis. Occaecati molestias asperiores ad quasi eos.','http://vk.com/veniam','2018-04-03 07:02:39','2020-12-19 02:44:34'),(120,97,'F','1990-10-04','Lake Katharina','Tokelau','Neque totam officiis rerum molestiae eum provident quod corporis. Unde consequuntur praesentium laborum ea. Aut amet officiis dicta placeat.','http://vk.com/assumenda','2013-01-26 03:32:07','2020-12-19 02:44:34'),(121,56,'M','1982-08-05','Doylebury','Qatar','Harum sed et cupiditate. Quia laborum consequatur quas dolorum. Quaerat ut qui mollitia magnam porro. Laborum minus sunt aperiam sunt aperiam quasi.','http://vk.com/possimus','2018-04-19 16:59:01','2020-12-19 02:44:34'),(122,NULL,'F','1985-02-17','New Reymundo','Namibia','Aut asperiores est quia quis illo aut officiis. Delectus et commodi repellendus rem odit quas repellat.','http://vk.com/error','2018-11-01 22:01:37','2020-12-19 04:29:33'),(123,NULL,'M','2017-12-27','Goldnerfurt','Puerto Rico','Cum iusto maxime consequuntur. Facere ducimus harum occaecati. Nihil dicta qui repudiandae sit ut voluptas enim. Labore sint est eius qui et enim ut.','http://vk.com/laboriosam','2017-09-19 06:29:45','2020-12-19 04:29:33'),(124,NULL,'F','1993-08-02','West Heath','Thailand','Quidem velit doloremque maiores. Ex assumenda a ut dolor impedit molestiae ea.','http://vk.com/aperiam','2014-03-09 04:54:54','2020-12-19 04:29:33'),(125,51,'F','2019-04-11','West Coltonburgh','Ghana','Delectus cumque illo inventore odit rerum rem. Quas nihil consequatur exercitationem ut quas sequi. Deleniti sapiente autem totam est. Facere ut reiciendis suscipit error temporibus ut ad.','http://vk.com/neque','2019-10-28 21:20:49','2020-12-19 02:44:34'),(126,111,'F','2012-09-02','North Carmelo','Ireland','Laudantium sed omnis nam rerum totam. Maiores et qui eveniet placeat corrupti officiis ea. Non sint sunt laudantium nihil vel tempore est. Atque culpa et suscipit consequatur recusandae quia veniam.','http://vk.com/nostrum','2013-12-10 05:45:31','2020-12-19 02:44:34'),(127,NULL,'F','2006-12-08','South Hassie','Norway','Nisi a tempora facere fugiat illum. Ut sunt assumenda ipsam. Est et et molestiae perferendis tempora. Occaecati facere labore amet necessitatibus.','http://vk.com/officia','2012-08-03 19:17:01','2020-12-19 04:29:33'),(128,124,'F','1983-11-13','Hauckshire','Palau','Libero alias molestiae et et in accusamus aperiam. Quisquam quibusdam omnis eum assumenda aut magni impedit. Culpa omnis sit dolores eos repellendus.','http://vk.com/maxime','2020-09-20 11:16:03','2020-12-19 02:44:34'),(129,NULL,'M','1988-06-23','Brannonborough','Saint Martin','Saepe qui fugit vitae enim. Repudiandae dolorum voluptatem qui iusto architecto. Velit et eos omnis necessitatibus. Amet corrupti quis dolor iusto unde at inventore exercitationem.','http://vk.com/at','2018-05-20 20:17:54','2020-12-19 04:29:33'),(130,NULL,'F','2014-12-20','Daniellaton','Mexico','Porro consequatur voluptatem temporibus. Cupiditate quibusdam ipsam earum ut harum. Omnis quas adipisci est itaque et.','http://vk.com/cupiditate','2016-09-23 22:05:19','2020-12-19 04:29:33'),(131,15,'M','1981-10-02','Nellieborough','Sierra Leone','Est minima nesciunt facilis omnis eius ratione. Et consequuntur dolorem earum deleniti ut harum vero. Dicta enim enim aliquid in. Consequatur pariatur dolor maxime aut fuga.','http://vk.com/itaque','2018-12-20 05:10:13','2020-12-19 02:44:34'),(132,NULL,'M','1998-08-16','West Minachester','Tunisia','Mollitia aut tempore beatae fuga quibusdam eum doloribus vero. Ex tempora aut fugit qui. Nihil ut repellendus necessitatibus et quae.','http://vk.com/rem','2013-10-17 08:47:18','2020-12-19 04:29:33'),(133,107,'F','1979-05-21','Batzside','Uruguay','Doloribus aliquam molestiae debitis rerum. Sit facere voluptatem et et id. Veritatis omnis quia atque necessitatibus non. Eaque aliquid sit velit sed ut quod expedita.','http://vk.com/ducimus','2016-07-22 08:10:43','2020-12-19 02:44:34'),(134,NULL,'F','1988-07-16','Waylonfurt','Liberia','Officia earum fugit saepe a ut voluptas ipsa. Nisi quo omnis facilis tempora in hic. Dicta a non temporibus. Odit nulla ut consequatur nemo cupiditate. Nihil magnam ut voluptas et non quam.','http://vk.com/ipsa','2012-11-18 21:38:39','2020-12-19 04:29:33'),(135,7,'M','1999-02-19','Edmundland','Cote d\'Ivoire','Aut aut aut quod culpa quod. Sed ut odit accusamus natus sit. Velit alias quidem optio porro accusantium aut quisquam suscipit. Pariatur possimus architecto voluptas fuga modi ea.','http://vk.com/quo','2018-12-02 13:26:20','2020-12-19 02:44:34'),(136,126,'M','1985-07-19','West Emeraldton','Algeria','Necessitatibus soluta nam eos sed maxime veniam. Eligendi est culpa qui recusandae quibusdam. Rem iste sapiente expedita corporis ipsum.','http://vk.com/tempora','2015-04-07 15:23:15','2020-12-19 02:44:34'),(137,NULL,'F','2002-07-30','North Christophefurt','Comoros','Vel voluptates modi dolorem est. Et et debitis quisquam ab qui quia quia. Provident blanditiis occaecati totam aut in vel. Quis sed ea accusantium sit.','http://vk.com/architecto','2019-03-26 11:16:22','2020-12-19 04:29:33'),(138,73,'F','1986-02-21','West Ellashire','Turkey','Animi ut quae perspiciatis sit ipsam. Ex laboriosam delectus consequatur aut fugit veniam. Molestias repellendus libero repellat. Ut doloremque pariatur ut saepe ex molestiae.','http://vk.com/labore','2012-07-24 22:06:53','2020-12-19 02:44:34'),(139,NULL,'M','1994-10-04','East Linwoodtown','Heard Island and McDonald Islands','Sint modi qui velit nobis blanditiis. Sit officia qui voluptatibus qui consequatur est facilis. Harum quae laborum quis aut. Sunt sunt est ipsam iste explicabo minus.','http://vk.com/expedita','2010-12-26 15:42:25','2020-12-19 04:29:33'),(140,91,'M','2014-08-25','Koelpinshire','Holy See (Vatican City State)','Harum esse ex sapiente molestiae saepe sapiente aperiam. Deserunt beatae voluptate sit commodi voluptate. Molestiae voluptate quidem aut odit quo et natus.','http://vk.com/cum','2014-09-09 19:02:05','2020-12-19 02:44:34'),(141,128,'M','1994-05-10','South Everetteview','Liechtenstein','Modi maiores voluptates et blanditiis. Aut nemo doloribus incidunt tempora non. Asperiores velit in animi.','http://vk.com/commodi','2011-11-14 14:06:02','2020-12-19 02:44:34'),(142,NULL,'M','1974-11-02','Port Lauretta','Croatia','Rem et saepe nobis ut qui reiciendis qui. Debitis odit voluptas qui delectus adipisci et illo. Quasi sit explicabo earum omnis eum numquam.','http://vk.com/eaque','2018-03-14 03:51:30','2020-12-19 04:29:33'),(143,NULL,'F','1994-09-16','Ismaelmouth','Spain','Repellat voluptatum ipsum eos itaque autem. Aut ut nostrum voluptas aut quas.','http://vk.com/temporibus','2013-02-01 02:03:06','2020-12-19 04:29:33'),(144,NULL,'F','1982-02-08','Bartolettiton','Malta','Et nesciunt in explicabo aspernatur cum est. Praesentium culpa eaque voluptatem porro quo expedita atque. Et ea deserunt deserunt dolores deleniti.','http://vk.com/consequuntur','2012-07-30 15:20:02','2020-12-19 04:29:33'),(145,NULL,'M','1976-01-27','East Arely','Cote d\'Ivoire','Corrupti eum nostrum explicabo incidunt aut eveniet quaerat. Quo quia ratione vero autem dolor.','http://vk.com/ex','2015-03-23 09:19:10','2020-12-19 04:29:33'),(146,NULL,'F','2017-10-07','Feltonhaven','Germany','Eveniet voluptate iste iure molestias aliquam. Sit tempora est modi ut fugiat et qui velit. Voluptas ut et dolores vel quam eaque. Animi et quod voluptas dolores neque quaerat incidunt amet.','http://vk.com/harum','2015-05-18 23:32:43','2020-12-19 04:29:33'),(147,NULL,'F','2017-01-12','Binston','Israel','Amet sunt error et dolor et. Omnis fuga impedit vel nesciunt nisi repellat. Praesentium quis necessitatibus et et.','http://vk.com/unde','2014-08-23 10:50:46','2020-12-19 04:29:33'),(148,9,'M','2007-06-04','Tillmanfort','Antigua and Barbuda','Ex ducimus molestiae consequatur impedit quas voluptas. Velit veritatis fuga animi impedit. Error omnis nisi laboriosam occaecati enim. Ut enim et architecto sint laudantium voluptatem quae.','http://vk.com/dignissimos','2020-09-17 19:57:23','2020-12-19 02:44:34'),(149,NULL,'M','2007-05-26','Jovannyfort','Latvia','Qui vel delectus debitis. Ipsa libero voluptates eligendi impedit. Ea consectetur possimus quis eius aut non harum.','http://vk.com/voluptatem','2017-07-15 14:12:12','2020-12-19 04:29:33'),(150,104,'F','1986-04-07','Lake Jovani','Solomon Islands','Voluptas libero assumenda iure perspiciatis inventore odio eum. Possimus ipsum animi quod. Dolores quasi voluptatem eaque eos dolorem repudiandae at. Et voluptatem vel recusandae est.','http://vk.com/molestias','2020-08-27 00:01:01','2020-12-19 02:44:34');
/*!40000 ALTER TABLE `profiles` ENABLE KEYS */;
UNLOCK TABLES;

--
-- Table structure for table `raitings`
--

DROP TABLE IF EXISTS `raitings`;
/*!40101 SET @saved_cs_client     = @@character_set_client */;
/*!50503 SET character_set_client = utf8mb4 */;
CREATE TABLE `raitings` (
  `id` int unsigned NOT NULL AUTO_INCREMENT,
  `user_id` int unsigned NOT NULL,
  `target_id` int unsigned NOT NULL,
  `target_type_id` tinyint unsigned NOT NULL,
  `raiting` int NOT NULL COMMENT 'Оценка фильма (от 0 до 10) или рецензии или комментария к рецензии (-1 или 1)',
  `created_at` datetime DEFAULT CURRENT_TIMESTAMP,
  `updated_at` datetime DEFAULT CURRENT_TIMESTAMP ON UPDATE CURRENT_TIMESTAMP,
  PRIMARY KEY (`id`),
  KEY `raitings_user_id_fk` (`user_id`),
  KEY `raitings_target_type_id_fk` (`target_type_id`),
  KEY `raitings_target_id_idx` (`target_id`),
  CONSTRAINT `raitings_target_type_id_fk` FOREIGN KEY (`target_type_id`) REFERENCES `target_types` (`id`),
  CONSTRAINT `raitings_user_id_fk` FOREIGN KEY (`user_id`) REFERENCES `users` (`id`)
) ENGINE=InnoDB AUTO_INCREMENT=251 DEFAULT CHARSET=utf8 COLLATE=utf8_unicode_ci;
/*!40101 SET character_set_client = @saved_cs_client */;

--
-- Dumping data for table `raitings`
--

LOCK TABLES `raitings` WRITE;
/*!40000 ALTER TABLE `raitings` DISABLE KEYS */;
INSERT INTO `raitings` VALUES (1,129,38,2,1,'2018-04-29 06:04:33','2020-12-19 04:48:20'),(2,147,7,1,6,'2012-02-07 19:38:04','2020-12-19 04:47:30'),(3,71,38,3,1,'2014-04-06 22:02:50','2020-12-19 04:48:49'),(4,47,38,3,1,'2019-12-26 05:22:40','2020-12-19 04:48:49'),(5,121,7,2,1,'2013-11-25 22:04:09','2020-12-19 04:48:20'),(6,47,15,3,1,'2011-12-20 13:49:43','2020-12-19 04:48:49'),(7,140,3,2,1,'2011-10-15 15:26:29','2020-12-19 04:48:20'),(8,76,33,2,-1,'2016-10-18 15:12:40','2020-12-19 04:48:20'),(9,73,14,1,10,'2012-08-31 15:38:41','2020-12-19 04:47:30'),(10,63,19,3,1,'2016-04-26 17:39:16','2020-12-19 04:48:49'),(11,114,10,1,10,'2012-09-23 18:30:05','2020-12-19 04:47:30'),(12,78,37,2,1,'2015-12-24 15:23:27','2020-12-19 04:48:20'),(13,123,5,1,1,'2017-01-26 09:49:39','2020-12-19 04:47:30'),(14,60,48,3,1,'2017-09-26 12:16:01','2020-12-19 04:48:49'),(15,4,4,2,1,'2012-05-11 11:35:59','2020-12-19 04:48:20'),(16,57,5,3,1,'2016-11-13 03:31:19','2020-12-19 04:48:49'),(17,77,17,1,6,'2018-10-21 18:31:45','2020-12-19 04:47:30'),(18,125,28,2,1,'2014-07-25 08:35:14','2020-12-19 04:48:20'),(19,32,9,2,-1,'2015-12-31 20:37:54','2020-12-19 04:48:20'),(20,50,60,3,1,'2011-03-20 10:16:29','2020-12-19 04:48:49'),(21,63,8,1,3,'2017-03-12 11:02:14','2020-12-19 04:47:30'),(22,37,40,2,1,'2014-11-27 22:42:43','2020-12-19 04:48:20'),(23,18,8,1,9,'2014-07-10 20:22:16','2020-12-19 04:47:30'),(24,93,13,2,1,'2014-03-09 06:00:25','2020-12-19 04:48:20'),(25,55,43,3,1,'2011-02-13 10:09:33','2020-12-19 04:48:49'),(26,104,34,3,1,'2012-05-14 19:01:02','2020-12-19 04:48:49'),(27,52,40,3,-1,'2020-04-13 16:52:14','2020-12-19 04:48:49'),(28,54,39,3,-1,'2016-07-04 18:25:18','2020-12-19 04:48:49'),(29,3,25,2,1,'2016-07-08 19:02:52','2020-12-19 04:48:20'),(30,92,15,3,-1,'2014-03-20 04:02:37','2020-12-19 04:48:49'),(31,107,7,2,-1,'2017-07-21 21:40:34','2020-12-19 04:48:20'),(32,131,15,3,-1,'2017-01-07 03:50:13','2020-12-19 04:48:49'),(33,89,38,2,1,'2011-12-05 19:57:38','2020-12-19 04:48:20'),(34,27,16,1,6,'2015-01-26 08:38:57','2020-12-19 04:47:30'),(35,28,32,3,-1,'2013-12-02 07:11:56','2020-12-19 04:48:49'),(36,59,7,2,-1,'2019-04-26 02:58:38','2020-12-19 04:48:20'),(37,73,56,3,-1,'2020-03-05 22:14:18','2020-12-19 04:48:49'),(38,17,15,1,2,'2019-06-21 02:11:54','2020-12-19 04:47:30'),(39,135,40,2,-1,'2020-06-15 08:25:34','2020-12-19 04:48:20'),(40,145,6,1,10,'2016-07-03 08:18:17','2020-12-19 04:47:30'),(41,79,60,3,1,'2017-05-11 05:24:55','2020-12-19 04:48:49'),(42,98,5,1,4,'2020-05-06 03:33:31','2020-12-19 04:47:30'),(43,73,5,1,2,'2012-05-28 05:28:51','2020-12-19 04:47:30'),(44,51,19,2,1,'2014-03-27 07:58:45','2020-12-19 04:48:20'),(45,8,10,1,4,'2020-01-11 01:57:48','2020-12-19 04:47:30'),(46,76,14,1,4,'2011-09-21 19:08:44','2020-12-19 04:47:30'),(47,108,14,3,1,'2016-09-14 16:10:28','2020-12-19 04:48:49'),(48,84,14,2,-1,'2014-05-24 08:11:23','2020-12-19 04:48:20'),(49,50,14,2,-1,'2016-01-31 11:20:34','2020-12-19 04:48:20'),(50,139,7,3,-1,'2016-05-09 08:00:59','2020-12-19 04:48:49'),(51,134,29,2,1,'2017-05-14 11:59:04','2020-12-19 04:48:20'),(52,113,19,2,1,'2018-05-08 08:34:17','2020-12-19 04:48:20'),(53,26,1,1,9,'2016-02-20 17:38:21','2020-12-19 04:47:30'),(54,2,3,1,10,'2015-04-12 18:29:04','2020-12-19 04:47:30'),(55,55,52,3,-1,'2011-07-21 08:19:04','2020-12-19 04:48:49'),(56,81,59,3,-1,'2020-10-05 07:44:02','2020-12-19 04:48:49'),(57,106,11,2,1,'2020-07-23 15:29:40','2020-12-19 04:48:20'),(58,107,19,3,1,'2019-04-02 00:19:26','2020-12-19 04:48:49'),(59,134,35,2,1,'2014-11-25 03:13:58','2020-12-19 04:48:20'),(60,108,12,1,4,'2013-04-18 05:15:15','2020-12-19 04:47:30'),(61,48,11,1,8,'2011-06-01 13:32:04','2020-12-19 04:47:30'),(62,91,18,1,10,'2016-01-11 17:18:03','2020-12-19 04:47:30'),(63,88,22,2,1,'2012-10-27 22:46:06','2020-12-19 04:48:20'),(64,136,6,2,-1,'2019-06-17 16:48:58','2020-12-19 04:48:20'),(65,117,39,3,-1,'2016-10-09 04:53:11','2020-12-19 04:48:49'),(66,115,17,3,1,'2011-04-11 19:37:51','2020-12-19 04:48:49'),(67,44,1,2,1,'2018-03-29 20:43:43','2020-12-19 04:48:20'),(68,40,25,3,-1,'2011-09-01 12:46:56','2020-12-19 04:48:49'),(69,131,17,1,4,'2011-09-10 00:07:02','2020-12-19 04:47:30'),(70,29,26,2,1,'2019-05-21 12:30:49','2020-12-19 04:48:20'),(71,34,11,1,1,'2012-12-12 23:18:38','2020-12-19 04:47:30'),(72,60,2,1,1,'2013-10-04 01:04:03','2020-12-19 04:47:30'),(73,126,16,3,1,'2015-11-17 17:52:07','2020-12-19 04:48:49'),(74,107,8,2,1,'2018-10-04 13:33:13','2020-12-19 04:48:20'),(75,110,15,1,1,'2013-12-18 20:00:45','2020-12-19 04:47:30'),(76,133,10,1,2,'2014-05-03 13:47:12','2020-12-19 04:47:30'),(77,32,3,3,-1,'2014-10-31 10:45:09','2020-12-19 04:48:49'),(78,67,6,1,8,'2018-09-14 03:53:53','2020-12-19 04:47:30'),(79,67,40,2,-1,'2015-01-16 02:12:46','2020-12-19 04:48:20'),(80,81,18,1,4,'2016-07-20 15:27:48','2020-12-19 04:47:30'),(81,56,15,2,-1,'2020-01-03 18:30:58','2020-12-19 04:48:20'),(82,51,28,3,1,'2019-11-01 15:46:26','2020-12-19 04:48:49'),(83,43,10,1,4,'2015-10-01 01:43:10','2020-12-19 04:47:30'),(84,82,9,3,1,'2018-03-11 21:37:18','2020-12-19 04:48:49'),(85,52,34,2,-1,'2012-11-15 22:27:37','2020-12-19 04:48:20'),(86,98,17,1,9,'2015-07-20 05:34:27','2020-12-19 04:47:30'),(87,12,13,1,1,'2016-01-03 04:15:36','2020-12-19 04:47:30'),(88,8,6,2,-1,'2020-08-29 10:07:10','2020-12-19 04:48:20'),(89,54,9,2,-1,'2019-01-26 09:14:03','2020-12-19 04:48:20'),(90,146,13,1,8,'2012-07-29 23:14:28','2020-12-19 04:47:30'),(91,115,26,2,-1,'2017-04-22 18:54:55','2020-12-19 04:48:20'),(92,101,21,2,-1,'2011-09-02 17:07:55','2013-10-02 22:02:28'),(93,86,6,1,8,'2011-01-18 10:22:00','2020-12-19 04:47:30'),(94,53,13,1,3,'2014-06-06 06:54:00','2020-12-19 04:47:30'),(95,86,4,1,10,'2019-01-21 02:33:30','2020-12-19 04:47:30'),(96,52,20,3,1,'2016-01-10 01:48:11','2020-12-19 04:48:49'),(97,17,2,1,2,'2012-11-25 01:56:20','2020-12-19 04:47:30'),(98,130,19,1,10,'2014-01-09 19:34:05','2020-12-19 04:47:30'),(99,91,28,2,1,'2011-12-12 17:09:42','2020-12-19 04:48:20'),(100,148,35,2,-1,'2015-08-30 16:09:11','2020-12-19 04:48:20'),(101,8,5,1,1,'2016-08-03 10:51:41','2020-12-19 04:47:30'),(102,125,11,2,1,'2012-06-30 19:08:14','2020-12-19 04:48:20'),(103,58,13,3,1,'2011-10-26 08:44:07','2020-12-19 04:48:49'),(104,134,4,3,-1,'2011-02-15 01:13:12','2020-12-19 04:48:49'),(105,81,29,2,-1,'2013-12-01 09:37:24','2020-12-19 04:48:20'),(106,17,42,3,-1,'2018-11-18 11:04:36','2020-12-19 04:48:49'),(107,117,34,2,-1,'2013-01-11 08:14:20','2020-12-19 04:48:20'),(108,113,39,2,1,'2014-05-02 18:35:55','2020-12-19 04:48:20'),(109,84,15,2,1,'2014-02-02 22:47:34','2020-12-19 04:48:20'),(110,33,9,1,7,'2016-01-24 12:07:35','2020-12-19 04:47:30'),(111,43,8,1,2,'2019-06-04 06:06:14','2020-12-19 04:47:30'),(112,140,18,3,-1,'2012-12-07 13:51:37','2020-12-19 04:48:49'),(113,84,36,2,-1,'2015-11-06 07:01:34','2020-12-19 04:48:20'),(114,86,13,1,10,'2020-12-06 20:35:27','2020-12-19 04:47:30'),(115,71,14,2,-1,'2016-08-29 01:56:46','2020-12-19 04:48:20'),(116,136,19,1,10,'2013-01-05 22:38:20','2020-12-19 04:47:30'),(117,33,22,3,-1,'2014-06-12 06:24:25','2020-12-19 04:48:49'),(118,83,19,1,10,'2015-09-16 06:50:56','2020-12-19 04:47:30'),(119,143,57,3,1,'2014-10-25 00:17:05','2020-12-19 04:48:49'),(120,86,37,3,-1,'2017-11-19 23:03:45','2020-12-19 04:48:49'),(121,78,16,3,1,'2013-06-06 01:57:48','2020-12-19 04:48:49'),(122,107,26,3,-1,'2011-01-09 00:22:23','2020-12-19 04:48:49'),(123,36,15,1,8,'2014-11-02 08:18:16','2020-12-19 04:47:30'),(124,13,23,3,-1,'2011-07-15 21:34:59','2020-12-19 04:48:49'),(125,9,1,2,1,'2020-02-11 01:44:59','2020-12-19 04:48:20'),(126,122,5,2,-1,'2015-10-06 21:48:19','2020-12-19 04:48:20'),(127,65,35,3,-1,'2014-06-13 21:05:23','2020-12-19 04:48:49'),(128,26,17,1,1,'2019-03-29 08:33:56','2020-12-19 04:47:30'),(129,101,22,2,1,'2018-12-01 19:39:27','2020-12-19 04:48:20'),(130,6,13,2,1,'2016-10-22 11:47:15','2020-12-19 04:48:20'),(131,24,19,1,2,'2014-03-14 15:34:37','2020-12-19 04:47:30'),(132,109,38,2,1,'2013-12-09 11:55:44','2020-12-19 04:48:20'),(133,131,6,1,6,'2018-11-07 02:36:53','2020-12-19 04:47:30'),(134,81,10,1,2,'2013-03-17 19:06:53','2020-12-19 04:47:30'),(135,93,32,2,1,'2012-11-11 02:18:27','2020-12-19 04:48:20'),(136,62,11,1,1,'2011-08-13 04:41:28','2020-12-19 04:47:30'),(137,97,6,1,8,'2014-12-30 15:56:30','2020-12-19 04:47:30'),(138,59,17,1,8,'2019-10-23 10:11:16','2020-12-19 04:47:30'),(139,24,7,2,1,'2018-08-19 05:10:33','2020-12-19 04:48:20'),(140,31,6,1,6,'2012-07-16 04:08:11','2020-12-19 04:47:30'),(141,92,19,1,4,'2014-01-25 12:27:24','2020-12-19 04:47:30'),(142,67,15,1,1,'2015-08-25 13:08:57','2020-12-19 04:47:30'),(143,21,18,1,3,'2019-05-22 20:31:45','2020-12-19 04:47:30'),(144,25,5,1,3,'2014-12-25 19:22:00','2020-12-19 04:47:30'),(145,2,8,1,5,'2014-11-04 15:31:03','2020-12-19 04:47:30'),(146,91,7,1,7,'2015-07-23 06:24:39','2020-12-19 04:47:30'),(147,10,11,1,9,'2012-03-25 16:34:47','2020-12-19 04:47:30'),(148,35,14,1,2,'2017-10-04 00:45:43','2020-12-19 04:47:30'),(149,23,17,1,2,'2011-05-07 03:41:01','2020-12-19 04:47:30'),(150,2,20,1,3,'2017-01-19 22:21:16','2020-12-19 04:47:30'),(151,120,15,2,-1,'2011-07-17 04:40:17','2020-12-19 04:48:20'),(152,101,8,1,1,'2016-09-28 08:21:18','2020-12-19 04:47:30'),(153,108,20,1,6,'2015-02-19 04:42:48','2020-12-19 04:47:30'),(154,6,17,2,1,'2020-04-28 05:22:32','2020-12-19 04:48:20'),(155,114,38,2,-1,'2014-12-26 08:31:41','2020-12-19 04:48:20'),(156,117,14,1,5,'2017-12-29 08:04:10','2020-12-19 04:47:30'),(157,127,10,1,9,'2019-04-07 05:48:08','2020-12-19 04:47:30'),(158,29,10,1,7,'2014-04-11 18:48:16','2020-12-19 04:47:30'),(159,142,19,1,10,'2015-12-04 16:32:36','2020-12-19 04:47:30'),(160,78,4,1,5,'2018-07-01 01:57:11','2020-12-19 04:47:30'),(161,34,18,2,-1,'2015-10-06 12:38:09','2020-12-19 04:48:20'),(162,15,4,1,6,'2011-02-12 22:42:25','2020-12-19 04:47:30'),(163,37,6,1,6,'2014-07-07 21:21:59','2020-12-19 04:47:30'),(164,15,17,2,-1,'2011-04-29 08:34:33','2020-12-19 04:48:20'),(165,95,19,1,1,'2020-12-02 02:25:46','2020-12-19 04:47:30'),(166,129,14,1,4,'2013-05-19 10:26:41','2020-12-19 04:47:30'),(167,77,16,1,9,'2011-10-07 19:34:50','2020-12-19 04:47:30'),(168,42,31,2,-1,'2011-12-13 04:53:44','2020-12-19 04:48:20'),(169,37,15,1,3,'2019-06-24 10:51:33','2020-12-19 04:47:30'),(170,101,6,1,5,'2016-03-17 07:12:42','2020-12-19 04:47:30'),(171,73,6,1,5,'2017-03-05 08:54:33','2020-12-19 04:47:30'),(172,128,9,1,9,'2011-07-24 10:33:01','2020-12-19 04:47:30'),(173,17,10,1,1,'2018-03-04 04:26:36','2020-12-19 04:47:30'),(174,93,22,2,1,'2014-08-21 16:53:56','2020-12-19 04:44:30'),(175,3,17,2,1,'2013-08-16 06:52:40','2020-12-19 04:48:20'),(176,19,18,2,1,'2019-08-02 18:05:07','2020-12-19 04:48:20'),(177,34,38,2,1,'2015-08-27 21:55:24','2020-12-19 04:48:20'),(178,12,14,2,1,'2012-05-14 09:19:49','2020-12-19 04:48:20'),(179,53,37,2,-1,'2018-07-31 22:45:18','2020-12-19 04:48:20'),(180,57,1,1,7,'2016-02-09 11:25:51','2020-12-19 04:47:30'),(181,13,13,1,4,'2019-02-19 04:16:21','2020-12-19 04:47:30'),(182,23,4,1,6,'2018-12-28 22:28:21','2020-12-19 04:47:30'),(183,7,24,2,-1,'2020-04-06 14:54:49','2020-12-19 04:48:20'),(184,121,8,2,1,'2011-06-16 22:18:06','2020-12-19 04:48:20'),(185,28,6,2,-1,'2013-08-26 05:01:10','2020-12-19 04:48:20'),(186,121,1,1,7,'2014-03-30 08:06:00','2020-12-19 04:47:30'),(187,88,12,1,9,'2012-04-14 22:05:12','2020-12-19 04:47:30'),(188,5,16,1,10,'2011-02-21 01:33:56','2020-12-19 04:47:30'),(189,149,5,2,1,'2017-05-25 22:16:28','2020-12-19 04:48:20'),(190,80,9,2,-1,'2018-11-16 08:28:43','2020-12-19 04:48:20'),(191,83,31,2,-1,'2019-07-29 04:52:45','2020-12-19 04:48:20'),(192,33,5,1,6,'2017-06-23 16:36:45','2020-12-19 04:47:30'),(193,95,14,1,7,'2018-01-26 11:18:41','2020-12-19 04:47:30'),(194,120,15,1,6,'2018-07-26 12:51:02','2020-12-19 04:47:30'),(195,47,13,1,1,'2012-11-23 16:52:15','2020-12-19 04:47:30'),(196,39,19,1,5,'2011-09-20 19:31:41','2020-12-19 04:47:30'),(197,98,14,1,1,'2018-08-10 06:00:11','2020-12-19 04:47:30'),(198,124,15,1,10,'2014-12-21 12:12:28','2020-12-19 04:47:30'),(199,81,13,1,7,'2017-01-28 15:35:14','2020-12-19 04:47:30'),(200,135,20,1,5,'2013-06-06 06:30:30','2020-12-19 04:47:30'),(201,74,18,1,2,'2017-06-29 17:42:21','2020-12-19 04:47:30'),(202,4,11,1,3,'2013-08-15 17:06:27','2020-12-19 04:47:30'),(203,113,4,2,-1,'2011-05-17 04:41:59','2020-12-19 04:48:20'),(204,91,6,2,-1,'2012-04-26 22:47:35','2020-12-19 04:48:20'),(205,96,18,2,-1,'2012-04-01 17:59:13','2020-12-19 04:48:20'),(206,115,1,1,1,'2019-03-12 06:56:07','2020-12-19 04:47:30'),(207,109,10,1,4,'2011-02-28 19:09:45','2020-12-19 04:47:30'),(208,130,8,1,7,'2011-03-07 01:56:36','2020-12-19 04:47:30'),(209,127,34,2,1,'2020-11-17 03:54:42','2020-12-19 04:48:20'),(210,12,33,2,-1,'2019-06-20 00:28:32','2020-12-19 04:48:20'),(211,36,8,1,1,'2015-09-29 19:30:03','2020-12-19 04:47:30'),(212,140,18,1,6,'2011-03-27 07:27:21','2020-12-19 04:47:30'),(213,35,22,2,-1,'2017-07-19 23:53:33','2020-12-19 04:48:20'),(214,43,4,1,6,'2014-07-20 17:06:13','2020-12-19 04:47:30'),(215,110,4,1,9,'2012-10-19 22:34:59','2020-12-19 04:47:30'),(216,62,8,1,9,'2013-05-19 23:29:58','2020-12-19 04:47:30'),(217,13,9,1,8,'2012-04-16 01:50:07','2020-12-19 04:47:30'),(218,48,9,2,1,'2012-11-08 08:44:43','2020-12-19 04:48:20'),(219,67,20,1,10,'2013-03-14 22:11:26','2020-12-19 04:47:30'),(220,11,12,1,5,'2014-07-10 11:46:58','2020-12-19 04:47:30'),(221,127,20,1,6,'2017-02-05 02:09:10','2020-12-19 04:47:30'),(222,150,22,2,1,'2013-10-11 15:19:29','2020-12-19 04:48:20'),(223,43,3,1,4,'2014-12-08 19:03:15','2020-12-19 04:47:30'),(224,71,14,1,3,'2014-02-07 07:15:16','2020-12-19 04:47:30'),(225,119,2,1,3,'2013-12-08 15:55:56','2020-12-19 04:47:30'),(226,90,1,2,-1,'2019-02-03 10:40:31','2020-12-19 04:48:20'),(227,110,19,2,1,'2012-01-27 05:22:12','2020-12-19 04:48:20'),(228,66,12,2,-1,'2020-11-26 21:40:49','2020-12-19 04:38:45'),(229,63,7,1,3,'2016-04-01 00:41:54','2020-12-19 04:47:30'),(230,41,3,2,-1,'2019-08-26 23:44:31','2020-12-19 04:48:20'),(231,51,18,2,-1,'2012-08-09 03:25:26','2020-12-19 04:48:20'),(232,137,7,1,6,'2011-06-09 13:49:29','2020-12-19 04:47:30'),(233,44,13,1,3,'2017-06-30 18:24:23','2020-12-19 04:47:30'),(234,13,39,2,-1,'2018-03-25 19:16:11','2020-12-19 04:48:20'),(235,77,6,1,4,'2013-07-06 21:41:22','2020-12-19 04:47:30'),(236,140,10,1,1,'2020-06-19 04:20:48','2020-12-19 04:47:30'),(237,128,22,2,-1,'2016-03-05 10:29:04','2020-12-19 04:48:20'),(238,36,11,1,1,'2014-12-24 00:47:54','2020-12-19 04:47:30'),(239,119,3,1,1,'2017-02-19 15:05:13','2020-12-19 04:47:30'),(240,104,5,1,4,'2015-01-12 21:21:36','2020-12-19 04:47:30'),(241,47,12,1,6,'2019-04-30 04:56:31','2020-12-19 04:47:30'),(242,5,31,2,-1,'2013-04-26 04:08:56','2020-12-19 04:48:20'),(243,94,5,1,5,'2012-11-08 01:10:58','2020-12-19 04:47:30'),(244,81,9,1,9,'2013-07-03 18:48:42','2020-12-19 04:47:30'),(245,47,8,1,1,'2014-06-01 04:44:06','2020-12-19 04:47:30'),(246,53,13,1,4,'2015-06-17 05:59:02','2020-12-19 04:47:30'),(247,143,2,1,8,'2013-04-15 23:12:19','2020-12-19 04:47:30'),(248,60,9,1,10,'2013-12-21 23:51:46','2020-12-19 04:47:30'),(249,101,8,2,-1,'2018-02-13 04:29:48','2020-12-19 04:48:20'),(250,60,17,1,2,'2015-09-30 22:21:26','2020-12-19 04:47:30');
/*!40000 ALTER TABLE `raitings` ENABLE KEYS */;
UNLOCK TABLES;
/*!50003 SET @saved_cs_client      = @@character_set_client */ ;
/*!50003 SET @saved_cs_results     = @@character_set_results */ ;
/*!50003 SET @saved_col_connection = @@collation_connection */ ;
/*!50003 SET character_set_client  = utf8mb4 */ ;
/*!50003 SET character_set_results = utf8mb4 */ ;
/*!50003 SET collation_connection  = utf8mb4_0900_ai_ci */ ;
/*!50003 SET @saved_sql_mode       = @@sql_mode */ ;
/*!50003 SET sql_mode              = 'ONLY_FULL_GROUP_BY,STRICT_TRANS_TABLES,NO_ZERO_IN_DATE,NO_ZERO_DATE,ERROR_FOR_DIVISION_BY_ZERO,NO_ENGINE_SUBSTITUTION' */ ;
DELIMITER ;;
/*!50003 CREATE*/ /*!50017 DEFINER=`root`@`localhost`*/ /*!50003 TRIGGER `raitings_insert_check_raiting` BEFORE INSERT ON `raitings` FOR EACH ROW BEGIN
	IF (NEW.target_type_id = 1 AND NEW.raiting NOT BETWEEN 1 AND 10)
	  OR (NEW.target_type_id IN (2, 3) AND NEW.raiting NOT IN (-1, 1)) THEN
	    SIGNAL SQLSTATE '45000' SET MESSAGE_TEXT = 'INSERT canceled. Film rating (1 - 10). Review or comment (-1 or 1)';
    END IF;
   
	IF (NEW.target_type_id = 1 AND NEW.target_id NOT IN (SELECT id FROM movies)) THEN
	  SIGNAL SQLSTATE '45000' SET MESSAGE_TEXT = 'INSERT canceled. Rate of a non-existent movie';
	END IF;

	IF (NEW.target_type_id = 2 AND NEW.target_id NOT IN (SELECT id FROM reviews)) THEN
	  SIGNAL SQLSTATE '45000' SET MESSAGE_TEXT = 'INSERT canceled. Rate of a non-existent review';
	END IF;

	IF (NEW.target_type_id = 3 AND NEW.target_id NOT IN (SELECT id FROM comments)) THEN
	  SIGNAL SQLSTATE '45000' SET MESSAGE_TEXT = 'INSERT canceled. Rate of a non-existent comment';
	END IF;
END */;;
DELIMITER ;
/*!50003 SET sql_mode              = @saved_sql_mode */ ;
/*!50003 SET character_set_client  = @saved_cs_client */ ;
/*!50003 SET character_set_results = @saved_cs_results */ ;
/*!50003 SET collation_connection  = @saved_col_connection */ ;
/*!50003 SET @saved_cs_client      = @@character_set_client */ ;
/*!50003 SET @saved_cs_results     = @@character_set_results */ ;
/*!50003 SET @saved_col_connection = @@collation_connection */ ;
/*!50003 SET character_set_client  = utf8mb4 */ ;
/*!50003 SET character_set_results = utf8mb4 */ ;
/*!50003 SET collation_connection  = utf8mb4_0900_ai_ci */ ;
/*!50003 SET @saved_sql_mode       = @@sql_mode */ ;
/*!50003 SET sql_mode              = 'ONLY_FULL_GROUP_BY,STRICT_TRANS_TABLES,NO_ZERO_IN_DATE,NO_ZERO_DATE,ERROR_FOR_DIVISION_BY_ZERO,NO_ENGINE_SUBSTITUTION' */ ;
DELIMITER ;;
/*!50003 CREATE*/ /*!50017 DEFINER=`root`@`localhost`*/ /*!50003 TRIGGER `raitings_update_check_rating` BEFORE UPDATE ON `raitings` FOR EACH ROW BEGIN
	IF (NEW.target_type_id = 1 AND NEW.raiting NOT BETWEEN 1 AND 10)
	  OR (NEW.target_type_id IN (2, 3) AND NEW.raiting NOT IN (-1, 1)) THEN
	    SIGNAL SQLSTATE '45000' SET MESSAGE_TEXT = 'UPDATE canceled. Film rating (1 - 10). Review or comment (-1 or 1)';
    END IF;
   
   IF (NEW.target_type_id = 1 AND NEW.target_id NOT IN (SELECT id FROM movies)) THEN
	  SIGNAL SQLSTATE '45000' SET MESSAGE_TEXT = 'UPDATE canceled. Rate of a non-existent movie';
	END IF;

	IF (NEW.target_type_id = 2 AND NEW.target_id NOT IN (SELECT id FROM reviews)) THEN
	  SIGNAL SQLSTATE '45000' SET MESSAGE_TEXT = 'UPDATE canceled. Rate of a non-existent review';
	END IF;

	IF (NEW.target_type_id = 3 AND NEW.target_id NOT IN (SELECT id FROM comments)) THEN
	  SIGNAL SQLSTATE '45000' SET MESSAGE_TEXT = 'UPDATE canceled. Rate of a non-existent comment';
	END IF;
END */;;
DELIMITER ;
/*!50003 SET sql_mode              = @saved_sql_mode */ ;
/*!50003 SET character_set_client  = @saved_cs_client */ ;
/*!50003 SET character_set_results = @saved_cs_results */ ;
/*!50003 SET collation_connection  = @saved_col_connection */ ;

--
-- Table structure for table `reviews`
--

DROP TABLE IF EXISTS `reviews`;
/*!40101 SET @saved_cs_client     = @@character_set_client */;
/*!50503 SET character_set_client = utf8mb4 */;
CREATE TABLE `reviews` (
  `id` int unsigned NOT NULL AUTO_INCREMENT,
  `user_id` int unsigned NOT NULL,
  `movie_id` int unsigned NOT NULL,
  `review` mediumtext CHARACTER SET utf8 COLLATE utf8_unicode_ci NOT NULL,
  `raiting` int NOT NULL DEFAULT '0',
  `created_at` datetime DEFAULT CURRENT_TIMESTAMP,
  PRIMARY KEY (`id`),
  KEY `reviews_user_id_fk` (`user_id`),
  KEY `reviews_movie_id_fk` (`movie_id`),
  KEY `reviews_raiting_idx` (`raiting`),
  CONSTRAINT `reviews_movie_id_fk` FOREIGN KEY (`movie_id`) REFERENCES `movies` (`id`) ON DELETE CASCADE,
  CONSTRAINT `reviews_user_id_fk` FOREIGN KEY (`user_id`) REFERENCES `users` (`id`)
) ENGINE=InnoDB AUTO_INCREMENT=41 DEFAULT CHARSET=utf8 COLLATE=utf8_unicode_ci;
/*!40101 SET character_set_client = @saved_cs_client */;

--
-- Dumping data for table `reviews`
--

LOCK TABLES `reviews` WRITE;
/*!40000 ALTER TABLE `reviews` DISABLE KEYS */;
INSERT INTO `reviews` VALUES (1,72,20,'Nemo velit est ea facilis ullam tempore facilis aut. Mollitia qui omnis dignissimos qui molestiae. Quis est sequi mollitia ea repudiandae enim.',1,'2015-10-20 22:39:22'),(2,103,6,'Dolore corporis et tenetur reiciendis maiores. Rerum voluptatem accusamus amet. Nulla et et error voluptate. Aspernatur laboriosam officia minima nam quis necessitatibus esse.',0,'2020-05-25 19:20:05'),(3,128,9,'Culpa ullam fugit dolore nulla. Quo autem nihil voluptates eos explicabo molestiae.',0,'2015-04-10 09:52:48'),(4,67,4,'Voluptatem ex quisquam odio mollitia est non. Nemo enim eos ad neque qui. Dolores voluptatem quisquam sit et. Vel culpa cupiditate quas ratione quo. Perferendis assumenda inventore in magnam rem sed.',0,'2013-01-13 19:03:55'),(5,127,9,'Aut laudantium fugit provident non dignissimos. Quam rem perferendis et corrupti est sequi. Quo laudantium ut quia tempora sint rerum. Reiciendis vel rem explicabo atque voluptas.',0,'2014-07-18 17:45:33'),(6,40,11,'Consectetur ex est dolorum distinctio dolores. Facere et optio aut nam. Aut qui officia aut sapiente totam necessitatibus accusantium. Quod quia laudantium ut vel vel.',-4,'2018-03-01 06:56:08'),(7,123,1,'Laborum voluptatem et voluptatibus minima quod dolor. Reiciendis qui ea aliquam possimus dolores. Amet aut sit porro possimus error.',0,'2014-04-15 10:58:53'),(8,119,9,'Sunt minima dolor sunt similique libero. Voluptates doloribus nihil pariatur quaerat repellat. Eius et perspiciatis ea molestiae sed architecto sit.',1,'2020-09-11 09:12:58'),(9,104,17,'Ipsam veritatis fugiat ratione voluptas. Facere dolor voluptatibus cum et. Voluptas vero vel sapiente quidem atque quisquam qui.',-2,'2017-06-09 01:07:31'),(10,87,10,'Consequatur et repudiandae rerum et architecto. Fugit dolorum optio sed ex corporis. Autem quasi ea deserunt labore.',0,'2012-08-19 22:43:22'),(11,27,1,'Autem sed aut ullam ut. Deleniti earum ea minus quo consectetur sequi corporis. Minus eius atque labore consequatur sed et. Omnis at dolore odio nihil sed velit aliquam maxime.',2,'2018-11-27 03:10:20'),(12,54,3,'Omnis illo quam possimus quo laudantium nihil. Et sed error iure id dolorum odit. Totam quis qui laboriosam quam hic et. Laborum adipisci corporis ut dolor quis dignissimos veritatis.',-1,'2015-06-09 18:54:41'),(13,96,15,'Dolor fugit iure optio placeat dolorem voluptatem dolorem. Est quia veritatis a consequuntur qui aliquam non odit. Nam nisi est alias enim voluptatem. Voluptatem sed dolor voluptas at eos ut.',2,'2016-07-30 18:25:00'),(14,64,10,'Sit esse tempora est aut voluptate eligendi. Ut incidunt alias temporibus perferendis atque qui amet. Mollitia id rerum iste saepe dicta. Officiis facilis enim sint enim.',-2,'2012-06-07 14:07:16'),(15,90,5,'Labore ducimus dolor nihil ex. Sint quo sit quia blanditiis vel nihil. Nisi sit sapiente saepe at ullam. Suscipit repellat dolores repellendus nostrum nobis. Laboriosam expedita id ullam qui.',-1,'2018-09-11 01:07:01'),(16,138,2,'Corporis quidem quisquam assumenda. Blanditiis omnis impedit odit.',0,'2016-05-16 05:36:48'),(17,33,12,'Iste accusamus ratione qui animi. Autem quia labore totam id. Animi sit omnis quidem nihil.',1,'2020-03-02 16:04:35'),(18,55,2,'Eos sunt expedita accusamus. Natus corporis nesciunt consequuntur quis. Ullam occaecati odio earum voluptatem molestiae ut et quam.',-2,'2017-09-16 21:45:18'),(19,5,17,'Sed corrupti vel hic repellendus eos animi. Repellendus odio veniam assumenda quae sed porro possimus. Repudiandae qui enim ut placeat et omnis. Dicta et numquam nihil sunt odit accusantium.',3,'2020-08-26 11:32:31'),(20,38,18,'Dolores eius officia voluptatibus consequatur aperiam beatae earum. Necessitatibus eius illo rerum qui eius. Nisi harum omnis ut possimus rerum dolor.',0,'2018-04-01 04:37:11'),(21,36,11,'Praesentium culpa quasi qui provident et quod. Incidunt maiores eos autem officia. Consequatur alias voluptates earum assumenda.',-1,'2016-06-17 04:01:10'),(22,64,2,'Quam minus et dicta vero aperiam natus. Tenetur dolor minima laudantium quae officia provident. Minus ea ipsam iste ut. Corporis tempora officiis mollitia ex quos eum et.',2,'2018-04-28 14:17:01'),(23,82,5,'Qui culpa vel labore sit. Dignissimos dignissimos qui laboriosam sunt neque harum eius. Fugiat eos enim quam. Assumenda rerum molestiae omnis aut vero.',0,'2017-09-11 14:35:24'),(24,72,5,'Ex illo sunt voluptatem architecto. Laboriosam voluptas earum non quo ducimus. Delectus eum deleniti aut alias. Voluptates fuga adipisci ipsum.',-1,'2013-12-18 12:05:44'),(25,7,2,'Distinctio voluptas voluptate et laudantium. Sit sed alias expedita voluptatem assumenda eos dignissimos. Minus quis ducimus officia quo id maiores consectetur.',1,'2019-05-05 10:26:58'),(26,107,5,'Tempore nulla et rem cupiditate et officiis autem. Nobis quae earum commodi. Nostrum eum reprehenderit magnam.',0,'2013-04-26 07:01:44'),(27,16,2,'Quo animi eius repellendus deserunt deserunt ab maxime. Dolor quaerat ab ut est quasi. Ipsa id vel ullam qui culpa.',0,'2016-09-01 23:13:03'),(28,55,15,'Eius sapiente debitis odit sed vel deserunt provident. Facere rerum et modi non culpa temporibus.',2,'2013-02-27 12:14:02'),(29,116,16,'Possimus consectetur alias quia accusamus. Quo reiciendis provident vero quaerat sit laborum. Est ipsa sapiente quo maxime et eveniet nihil dolorum.',0,'2013-10-08 08:47:34'),(30,29,8,'Nihil facilis libero minima voluptatem dolorem. Animi ut sint totam natus occaecati adipisci perspiciatis repellendus. Sed beatae nulla a totam consequatur nisi.',0,'2019-05-07 06:13:21'),(31,5,3,'Pariatur quibusdam eos aut voluptatem vitae perferendis enim. Unde nihil quidem nisi aut similique magni. Placeat autem non autem harum et qui quidem.',-3,'2011-06-29 09:03:20'),(32,68,5,'Modi ad velit quasi quia recusandae vero saepe. Suscipit est ut laborum quo dolorum aut. Nostrum molestias recusandae aut sed laborum iure ipsam esse. Quia non excepturi aut est autem eos fugiat in.',1,'2014-08-30 18:33:54'),(33,105,17,'Officia et nihil ut dolore ab ea et. Deleniti consequatur et expedita sed porro et ut. Ex accusantium nam eaque. Debitis et eveniet provident itaque.',-2,'2016-12-05 20:53:33'),(34,48,15,'Numquam accusamus maiores unde fuga. Est pariatur quia iure numquam.\nAd magni sequi reprehenderit excepturi. Et veritatis quia consequatur. Ut autem esse et explicabo.',-1,'2016-07-21 02:02:12'),(35,93,12,'Eligendi error vel quis ipsa. Porro nam qui molestiae ratione quod.',0,'2011-03-22 05:48:46'),(36,91,18,'Reiciendis et ab rem a ex eligendi. Voluptate laborum est voluptate quo harum in placeat. Est consequatur unde sit pariatur reiciendis quis enim. Repellendus ex consequatur ullam dignissimos aut in.',-1,'2016-01-15 11:06:59'),(37,12,1,'Eum explicabo dolore officiis et a velit impedit. Repellat asperiores aliquam eum nulla. Consequatur et dolor eos occaecati omnis facilis aut. Iusto blanditiis numquam iste aut sit laboriosam qui.',0,'2018-09-30 21:32:29'),(38,136,13,'Rerum quia ratione sit aperiam doloribus. Nam voluptas quia in laborum vel aut ullam. Quia quis temporibus cupiditate et incidunt. Quas ipsum voluptatem omnis officia iure sed sapiente in.',3,'2013-10-07 19:36:07'),(39,37,8,'Ex eaque laboriosam impedit. Voluptatem incidunt est dolore et. Nobis fugit dolorem nulla impedit molestiae ea. Excepturi repellendus et et.',0,'2015-02-22 02:48:44'),(40,128,6,'Molestias tempora beatae perferendis et ad recusandae. Fugiat rem nihil molestiae. Necessitatibus minus et eum amet quia ut eveniet.',-1,'2013-02-25 22:13:24');
/*!40000 ALTER TABLE `reviews` ENABLE KEYS */;
UNLOCK TABLES;

--
-- Temporary view structure for view `reviews_ratings`
--

DROP TABLE IF EXISTS `reviews_ratings`;
/*!50001 DROP VIEW IF EXISTS `reviews_ratings`*/;
SET @saved_cs_client     = @@character_set_client;
/*!50503 SET character_set_client = utf8mb4 */;
/*!50001 CREATE VIEW `reviews_ratings` AS SELECT 
 1 AS `review_id`,
 1 AS `rating`*/;
SET character_set_client = @saved_cs_client;

--
-- Table structure for table `stars`
--

DROP TABLE IF EXISTS `stars`;
/*!40101 SET @saved_cs_client     = @@character_set_client */;
/*!50503 SET character_set_client = utf8mb4 */;
CREATE TABLE `stars` (
  `id` int unsigned NOT NULL AUTO_INCREMENT,
  `first_name` varchar(50) CHARACTER SET utf8 COLLATE utf8_unicode_ci NOT NULL,
  `last_name` varchar(50) CHARACTER SET utf8 COLLATE utf8_unicode_ci NOT NULL,
  `photo_id` int unsigned DEFAULT NULL COMMENT 'Ссылается на таблицу media',
  `gender` enum('M','F') CHARACTER SET utf8 COLLATE utf8_unicode_ci NOT NULL,
  `profession_id` tinyint unsigned NOT NULL,
  `raiting` float NOT NULL DEFAULT '0',
  `created_at` datetime DEFAULT CURRENT_TIMESTAMP,
  `updated_at` datetime DEFAULT CURRENT_TIMESTAMP ON UPDATE CURRENT_TIMESTAMP,
  PRIMARY KEY (`id`),
  KEY `stars_photo_id_fk` (`photo_id`),
  KEY `stars_profession_id_fk` (`profession_id`),
  KEY `stars_first_name_last_name_idx` (`first_name`,`last_name`),
  KEY `stars_raiting_idx` (`raiting`),
  CONSTRAINT `stars_photo_id_fk` FOREIGN KEY (`photo_id`) REFERENCES `media` (`id`) ON DELETE SET NULL,
  CONSTRAINT `stars_profession_id_fk` FOREIGN KEY (`profession_id`) REFERENCES `professions` (`id`) ON DELETE RESTRICT
) ENGINE=InnoDB AUTO_INCREMENT=101 DEFAULT CHARSET=utf8 COLLATE=utf8_unicode_ci;
/*!40101 SET character_set_client = @saved_cs_client */;

--
-- Dumping data for table `stars`
--

LOCK TABLES `stars` WRITE;
/*!40000 ALTER TABLE `stars` DISABLE KEYS */;
INSERT INTO `stars` VALUES (1,'Francis','Pacocha',26,'M',4,0,'2011-01-17 16:12:29','2012-06-20 07:43:58'),(2,'Gwendolyn','Pouros',80,'M',2,3.9,'2011-01-09 03:34:47','2020-12-20 03:30:54'),(3,'Jarrod','Sawayn',117,'M',1,0,'2018-01-24 11:19:58','2019-02-15 20:42:55'),(4,'Kayla','Braun',46,'M',3,4.6,'2016-10-25 04:41:05','2020-12-20 03:30:55'),(5,'Narciso','Schaden',52,'M',4,6.5,'2020-01-05 04:38:10','2020-12-20 03:30:55'),(6,'Yasmine','Torphy',76,'F',1,5.8,'2020-06-17 23:41:04','2020-12-20 03:30:55'),(7,'Shanel','Ondricka',144,'F',4,7,'2020-09-17 05:03:30','2020-12-20 03:30:55'),(8,'Joshuah','Baumbach',145,'M',2,5,'2016-03-10 14:59:18','2020-12-20 03:30:55'),(9,'Ebony','Watsica',93,'F',3,3.3,'2012-04-28 03:40:12','2020-12-20 03:30:55'),(10,'Jedediah','Paucek',10,'F',1,4.2,'2016-11-08 07:08:10','2020-12-20 03:30:55'),(11,'Edgar','Stiedemann',143,'M',3,7,'2019-04-16 16:35:13','2020-12-20 03:30:55'),(12,'Garfield','Mante',127,'M',2,4.1,'2013-06-18 03:49:38','2020-12-20 03:30:55'),(13,'Chelsey','Pfannerstill',35,'F',4,0,'2020-02-11 06:55:36','2020-12-19 02:05:44'),(14,'Leonora','VonRueden',43,'M',4,4.5,'2019-08-04 22:05:59','2020-12-20 03:30:56'),(15,'Catherine','Davis',150,'M',4,5,'2016-03-24 19:55:13','2020-12-20 03:30:56'),(16,'Mervin','Emard',3,'F',3,3.5,'2019-11-15 20:36:50','2020-12-20 03:30:56'),(17,'Alba','Kshlerin',8,'M',1,5,'2016-11-27 02:49:44','2020-12-20 03:30:56'),(18,'Henri','Okuneva',101,'F',1,3.3,'2014-03-11 08:02:08','2020-12-20 03:30:56'),(19,'Paula','Prohaska',57,'M',2,5.7,'2019-08-25 00:53:22','2020-12-20 03:30:56'),(20,'Clementina','Streich',69,'M',4,7,'2018-07-31 07:35:11','2020-12-20 03:30:56'),(21,'Vergie','Reichel',122,'M',4,4.6,'2016-03-17 01:01:23','2020-12-20 03:30:56'),(22,'Garett','Dicki',88,'F',3,4.8,'2020-08-03 07:43:12','2020-12-20 03:30:57'),(23,'Cleveland','Kunde',NULL,'M',4,0,'2017-02-19 00:52:45','2020-12-19 04:19:08'),(24,'Lucy','Brakus',NULL,'F',3,3.8,'2012-01-14 22:03:29','2020-12-20 03:30:57'),(25,'Delta','Roberts',96,'M',2,5,'2015-01-02 09:33:07','2020-12-20 03:30:57'),(26,'Lorna','Lebsack',50,'F',1,0,'2015-06-05 09:17:31','2020-10-21 04:04:09'),(27,'Stone','Sanford',31,'M',4,0,'2018-08-15 09:24:28','2020-12-19 02:05:44'),(28,'Vivien','Pagac',119,'F',4,0,'2016-04-29 16:32:19','2018-12-24 03:45:58'),(29,'Rodolfo','Jones',116,'F',4,6,'2018-12-03 23:12:14','2020-12-20 03:30:57'),(30,'Princess','Blick',59,'F',4,4.2,'2014-01-07 01:33:04','2020-12-20 03:30:57'),(31,'Karolann','Wolf',28,'F',2,0,'2016-03-27 07:21:57','2019-07-27 22:11:31'),(32,'Dawson','McGlynn',141,'M',1,0,'2018-08-28 00:36:17','2020-05-03 20:47:41'),(33,'Jamel','Stamm',138,'F',1,4.7,'2012-06-14 17:20:11','2020-12-20 03:30:57'),(34,'Fiona','Stracke',NULL,'F',3,3.5,'2012-05-07 18:38:43','2020-12-20 03:30:57'),(35,'Willy','Miller',37,'F',2,5,'2012-05-06 12:49:49','2020-12-20 03:30:57'),(36,'Annabel','Stokes',39,'F',4,8.6,'2012-09-01 15:55:13','2020-12-20 03:30:57'),(37,'Vicky','Durgan',70,'M',4,3.8,'2018-02-08 21:55:52','2020-12-20 03:30:57'),(38,'Berneice','Kutch',30,'F',1,0,'2014-11-07 14:27:32','2018-11-06 02:47:26'),(39,'Berniece','Smith',33,'F',2,4.9,'2018-11-15 09:26:09','2020-12-20 03:30:58'),(40,'Chyna','Rohan',13,'F',4,5,'2020-09-23 19:33:19','2020-12-20 03:30:58'),(41,'Barbara','Schuster',40,'F',2,5.7,'2017-02-22 04:55:39','2020-12-20 03:30:58'),(42,'Colby','Ratke',25,'F',3,4.2,'2013-02-01 23:09:57','2020-12-20 03:30:58'),(43,'Natalia','Kerluke',139,'F',4,7.4,'2013-10-02 14:18:40','2020-12-20 03:30:58'),(44,'Justice','Ruecker',74,'F',3,0,'2015-12-08 10:25:39','2020-12-19 02:05:44'),(45,'Magdalen','Mitchell',68,'F',4,4.8,'2019-07-21 19:37:31','2020-12-20 03:30:58'),(46,'Lenna','Ernser',NULL,'F',2,0,'2017-09-25 04:45:37','2020-12-19 04:19:08'),(47,'Helene','D\'Amore',NULL,'M',2,5,'2016-07-17 14:12:40','2020-12-20 03:30:58'),(48,'Zoe','Towne',NULL,'M',3,4.1,'2012-10-13 02:06:35','2020-12-20 03:30:58'),(49,'Fidel','Bogisich',89,'F',2,6.2,'2016-05-12 09:20:30','2020-12-20 03:30:58'),(50,'Schuyler','Purdy',133,'F',1,6.6,'2019-06-24 17:45:00','2020-12-20 03:30:59'),(51,'Daphne','Mayer',NULL,'F',2,4.4,'2016-11-23 22:50:01','2020-12-20 03:30:59'),(52,'Consuelo','Rath',61,'F',2,6,'2018-10-11 14:37:01','2020-12-20 03:30:59'),(53,'Valentin','Christiansen',71,'M',2,0,'2019-05-13 15:52:38','2020-12-19 02:05:44'),(54,'Lamar','Murray',121,'M',1,6,'2011-04-26 00:57:26','2020-12-20 03:30:59'),(55,'Jerry','Altenwerth',103,'F',1,5.4,'2018-12-21 06:52:17','2020-12-20 03:30:59'),(56,'Collin','Moen',16,'M',4,5.3,'2012-05-05 14:09:07','2020-12-20 03:30:59'),(57,'Nora','Friesen',20,'F',2,5.5,'2017-09-23 22:13:35','2020-12-20 03:30:59'),(58,'Rusty','Vandervort',134,'F',2,0,'2011-06-03 00:30:21','2012-05-21 02:58:02'),(59,'Rasheed','Herzog',NULL,'F',2,6,'2019-03-27 17:49:10','2020-12-20 03:30:59'),(60,'Jana','Balistreri',136,'F',3,6,'2015-04-16 10:17:19','2020-12-20 03:31:00'),(61,'Euna','Ullrich',42,'F',4,5.1,'2012-08-01 01:39:47','2020-12-20 03:31:00'),(62,'Jensen','Wuckert',11,'M',2,4.6,'2015-10-15 07:40:53','2020-12-20 03:31:00'),(63,'Davion','Jast',NULL,'F',2,6.1,'2011-12-20 15:53:35','2020-12-20 03:31:00'),(64,'Alvah','Prosacco',29,'M',4,4.3,'2016-12-23 05:23:01','2020-12-20 03:31:00'),(65,'Brielle','Bernhard',5,'M',3,4.3,'2015-07-08 04:08:56','2020-12-20 03:31:00'),(66,'Gilbert','Treutel',NULL,'F',1,3.8,'2017-11-15 21:44:29','2020-12-20 03:31:00'),(67,'Jacquelyn','Goyette',NULL,'F',4,4.2,'2017-07-22 23:43:30','2020-12-20 03:31:00'),(68,'Scot','Gleason',NULL,'F',2,5,'2015-03-03 09:28:13','2020-12-20 03:31:00'),(69,'Darby','Auer',NULL,'M',1,0,'2011-01-03 23:58:25','2020-12-19 04:19:08'),(70,'Anya','Wilderman',100,'F',3,5,'2017-09-26 12:27:23','2020-12-20 03:31:00'),(71,'Gilberto','Walker',86,'F',1,0,'2015-10-21 09:00:21','2020-12-19 02:05:44'),(72,'Jamaal','Johns',82,'F',2,6,'2018-01-14 02:26:18','2020-12-20 03:31:01'),(73,'Dena','Lueilwitz',125,'M',3,6.2,'2011-02-21 10:33:52','2020-12-20 03:31:01'),(74,'Earl','Glover',75,'F',3,0,'2011-02-01 23:37:59','2018-12-02 20:43:10'),(75,'Reva','Abernathy',6,'M',4,0,'2020-11-23 05:00:29','2020-12-19 02:05:44'),(76,'Keenan','Anderson',NULL,'M',4,6,'2012-06-30 02:56:15','2020-12-20 03:31:01'),(77,'Althea','Casper',64,'F',1,5,'2020-04-25 19:52:33','2020-12-20 03:31:01'),(78,'Kaycee','Gibson',81,'F',4,7,'2014-02-10 11:16:55','2020-12-20 03:31:01'),(79,'Aubree','Turner',118,'M',2,5.4,'2019-09-11 17:52:40','2020-12-20 03:31:01'),(80,'Gerry','Schulist',2,'M',3,0,'2017-07-25 12:29:04','2017-10-10 17:32:13'),(81,'Anabelle','Williamson',NULL,'M',1,4.8,'2015-04-30 05:31:54','2020-12-20 03:31:01'),(82,'Esmeralda','Moore',112,'F',2,4.2,'2014-01-08 05:16:19','2020-12-20 03:31:01'),(83,'Cullen','Reinger',63,'F',2,5.2,'2020-12-17 09:42:40','2020-12-20 03:31:02'),(84,'Reanna','Leuschke',NULL,'F',2,6.5,'2017-06-05 13:18:32','2020-12-20 03:31:02'),(85,'Betty','Ritchie',NULL,'M',2,4.9,'2016-11-01 03:23:44','2020-12-20 03:31:02'),(86,'Daisha','Labadie',NULL,'F',3,6.9,'2011-02-17 18:36:10','2020-12-20 03:31:02'),(87,'Lacey','Olson',149,'M',4,5,'2013-09-09 22:45:41','2020-12-20 03:31:02'),(88,'Pete','Cartwright',102,'M',1,4.4,'2020-06-13 09:00:07','2020-12-20 03:31:02'),(89,'Hans','Cassin',NULL,'M',3,0,'2015-07-06 18:37:56','2020-12-19 04:19:08'),(90,'Vern','Beer',NULL,'F',1,0,'2018-01-06 17:53:18','2020-12-19 04:19:08'),(91,'Colleen','Hauck',87,'M',2,6,'2016-04-16 06:03:44','2020-12-20 03:31:02'),(92,'Harley','Bergstrom',41,'M',4,4.6,'2016-04-05 08:57:50','2020-12-20 03:31:02'),(93,'Rigoberto','Douglas',NULL,'M',1,4.2,'2018-09-27 11:14:40','2020-12-20 03:31:02'),(94,'Sigurd','Gulgowski',NULL,'F',3,6.3,'2018-12-31 11:08:22','2020-12-20 03:31:03'),(95,'Elmira','Predovic',NULL,'M',3,4.4,'2014-12-09 18:17:16','2020-12-20 03:31:03'),(96,'Edwardo','Leannon',148,'F',3,4.4,'2018-07-10 18:16:36','2020-12-20 03:31:03'),(97,'Jordan','Sipes',NULL,'M',4,6,'2019-07-31 12:24:29','2020-12-20 03:31:03'),(98,'Rickey','Abshire',137,'F',4,6.5,'2015-04-22 14:59:26','2020-12-20 03:31:03'),(99,'Justus','Ryan',72,'M',2,3.3,'2015-09-19 20:21:08','2020-12-20 03:31:03'),(100,'General','Wisozk',119,'M',4,6.7,'2013-09-30 10:26:44','2020-12-20 03:31:03');
/*!40000 ALTER TABLE `stars` ENABLE KEYS */;
UNLOCK TABLES;

--
-- Table structure for table `stars_movies`
--

DROP TABLE IF EXISTS `stars_movies`;
/*!40101 SET @saved_cs_client     = @@character_set_client */;
/*!50503 SET character_set_client = utf8mb4 */;
CREATE TABLE `stars_movies` (
  `id` int unsigned NOT NULL AUTO_INCREMENT,
  `star_id` int unsigned NOT NULL,
  `movie_id` int unsigned NOT NULL,
  `created_at` datetime DEFAULT CURRENT_TIMESTAMP,
  PRIMARY KEY (`id`),
  KEY `stars_star_id_fk` (`star_id`),
  KEY `stars_movie_id_fk` (`movie_id`),
  CONSTRAINT `stars_movie_id_fk` FOREIGN KEY (`movie_id`) REFERENCES `movies` (`id`),
  CONSTRAINT `stars_star_id_fk` FOREIGN KEY (`star_id`) REFERENCES `stars` (`id`)
) ENGINE=InnoDB AUTO_INCREMENT=151 DEFAULT CHARSET=utf8 COLLATE=utf8_unicode_ci;
/*!40101 SET character_set_client = @saved_cs_client */;

--
-- Dumping data for table `stars_movies`
--

LOCK TABLES `stars_movies` WRITE;
/*!40000 ALTER TABLE `stars_movies` DISABLE KEYS */;
INSERT INTO `stars_movies` VALUES (1,19,4,'2015-09-26 16:22:58'),(2,9,5,'2013-03-16 04:49:05'),(3,96,15,'2019-06-22 12:40:43'),(4,86,7,'2016-09-23 22:12:16'),(5,61,19,'2018-09-24 05:56:07'),(6,73,6,'2012-01-28 21:56:33'),(7,40,13,'2017-07-17 18:03:54'),(8,88,10,'2012-08-22 12:22:07'),(9,36,9,'2016-07-23 10:59:27'),(10,91,1,'2013-12-04 09:51:19'),(11,17,4,'2015-08-17 14:19:08'),(12,41,1,'2015-03-08 08:31:45'),(13,12,11,'2018-07-01 02:43:54'),(14,70,17,'2014-09-20 06:20:16'),(15,79,1,'2019-05-04 21:48:38'),(16,72,20,'2018-03-08 15:27:40'),(17,21,17,'2016-10-31 12:42:29'),(18,20,4,'2015-11-14 13:19:54'),(19,54,1,'2017-03-17 02:10:14'),(20,47,3,'2017-09-16 06:19:42'),(21,97,4,'2015-12-26 20:28:40'),(22,45,8,'2014-09-11 01:33:31'),(23,83,7,'2015-09-20 14:47:52'),(24,84,4,'2016-09-17 13:57:48'),(25,73,15,'2015-03-17 00:49:49'),(26,22,18,'2015-03-10 15:21:43'),(27,92,13,'2016-06-15 12:09:07'),(28,92,1,'2020-02-07 07:02:34'),(29,17,13,'2018-07-12 14:23:33'),(30,84,20,'2018-10-14 09:15:51'),(31,64,11,'2018-08-08 11:53:34'),(32,93,17,'2012-09-11 09:27:47'),(33,35,3,'2017-07-06 13:44:56'),(34,100,18,'2018-11-17 22:55:41'),(35,17,10,'2020-03-22 14:56:26'),(36,4,3,'2014-11-29 06:09:04'),(37,65,10,'2013-06-02 17:53:43'),(38,51,10,'2014-07-29 11:55:58'),(39,79,7,'2013-01-03 22:33:39'),(40,66,11,'2011-02-19 05:05:52'),(41,8,18,'2016-07-12 16:50:00'),(42,41,20,'2016-08-22 22:09:37'),(43,49,7,'2015-08-03 06:36:48'),(44,2,13,'2011-03-25 04:15:16'),(45,94,17,'2015-03-11 06:49:51'),(46,60,12,'2012-02-27 06:31:05'),(47,39,11,'2014-04-01 19:58:35'),(48,40,15,'2019-04-05 03:23:16'),(49,65,8,'2018-03-13 09:50:40'),(50,62,17,'2015-08-29 12:25:05'),(51,85,13,'2014-11-26 09:07:53'),(52,95,10,'2015-09-19 10:46:01'),(53,12,10,'2019-03-28 13:41:25'),(54,98,19,'2014-05-27 01:05:04'),(55,79,13,'2015-01-16 15:08:21'),(56,43,18,'2013-01-23 21:28:37'),(57,50,17,'2019-02-06 21:11:19'),(58,85,20,'2018-05-16 02:51:59'),(59,15,18,'2019-09-14 10:35:31'),(60,63,2,'2020-01-13 06:23:56'),(61,70,5,'2013-01-19 03:15:42'),(62,64,2,'2020-01-12 12:08:17'),(63,76,1,'2016-11-28 21:24:47'),(64,82,8,'2019-01-09 17:56:27'),(65,43,9,'2012-06-16 14:40:11'),(66,21,6,'2016-07-08 14:02:02'),(67,7,4,'2014-01-05 04:04:58'),(68,78,4,'2014-02-22 04:52:40'),(69,61,15,'2017-01-14 19:40:50'),(70,10,8,'2016-06-13 23:51:40'),(71,37,11,'2020-05-05 12:48:32'),(72,25,18,'2011-12-14 00:16:50'),(73,34,2,'2016-09-25 18:18:02'),(74,85,10,'2019-04-29 22:44:33'),(75,95,10,'2019-03-20 20:36:08'),(76,56,13,'2016-07-28 01:17:17'),(77,70,4,'2020-02-02 13:41:29'),(78,73,9,'2011-06-17 01:50:57'),(79,24,11,'2014-01-08 11:00:13'),(80,85,14,'2012-09-30 06:33:04'),(81,97,1,'2020-10-12 10:06:18'),(82,94,1,'2013-06-16 08:11:44'),(83,21,15,'2020-12-16 22:04:56'),(84,22,17,'2018-09-08 03:57:49'),(85,45,7,'2011-01-29 18:00:33'),(86,21,17,'2020-05-13 07:22:57'),(87,83,10,'2017-08-22 04:22:34'),(88,68,4,'2017-11-05 02:49:20'),(89,55,11,'2020-04-06 17:42:01'),(90,65,10,'2017-06-20 18:13:16'),(91,99,5,'2020-07-01 10:09:25'),(92,14,14,'2015-05-11 07:33:12'),(93,41,18,'2018-02-24 19:36:46'),(94,14,13,'2012-11-23 03:57:56'),(95,40,20,'2014-03-14 12:04:41'),(96,30,8,'2017-07-06 17:26:03'),(97,2,5,'2013-11-27 06:02:27'),(98,40,5,'2015-11-24 09:49:01'),(99,93,13,'2019-06-28 11:56:38'),(100,4,8,'2012-10-31 19:45:48'),(101,93,5,'2017-10-30 20:02:27'),(102,19,15,'2015-02-14 08:22:28'),(103,70,18,'2013-11-10 17:04:56'),(104,92,5,'2012-05-11 00:34:41'),(105,39,12,'2016-08-23 05:46:41'),(106,73,8,'2018-09-07 22:06:29'),(107,77,18,'2014-01-17 18:58:51'),(108,6,4,'2017-12-28 21:48:02'),(109,73,4,'2016-05-12 21:19:48'),(110,81,3,'2011-09-23 20:29:50'),(111,16,2,'2012-09-28 20:51:02'),(112,49,4,'2013-01-30 10:40:26'),(113,33,18,'2013-05-04 20:50:23'),(114,40,6,'2019-02-22 22:00:34'),(115,50,9,'2018-01-23 01:41:39'),(116,63,9,'2016-08-13 14:32:25'),(117,68,17,'2020-09-09 16:17:57'),(118,17,8,'2015-06-12 21:54:51'),(119,68,2,'2014-10-31 05:33:31'),(120,61,2,'2016-03-28 19:53:27'),(121,64,7,'2019-06-06 09:19:18'),(122,43,9,'2014-07-25 19:51:11'),(123,21,10,'2015-06-07 14:03:11'),(124,57,19,'2014-08-19 11:01:35'),(125,67,8,'2012-05-06 12:32:32'),(126,6,17,'2014-06-26 23:45:54'),(127,48,11,'2013-05-17 04:40:44'),(128,100,16,'2016-07-26 00:51:54'),(129,42,8,'2017-09-08 06:49:29'),(130,5,19,'2011-08-04 17:00:46'),(131,83,14,'2018-08-01 09:11:57'),(132,33,10,'2019-08-09 16:37:07'),(133,48,10,'2018-05-21 21:03:38'),(134,87,3,'2013-10-03 21:16:29'),(135,57,10,'2013-10-04 18:06:31'),(136,21,5,'2018-11-09 10:46:06'),(137,81,13,'2018-10-16 13:05:47'),(138,61,1,'2017-01-19 19:21:19'),(139,11,4,'2016-10-03 08:04:27'),(140,94,16,'2011-07-28 07:27:26'),(141,56,20,'2011-07-19 20:12:08'),(142,59,1,'2014-06-03 09:07:01'),(143,52,12,'2011-06-02 16:54:40'),(144,83,19,'2018-06-06 09:18:02'),(145,97,18,'2020-08-25 00:44:34'),(146,86,16,'2019-08-08 14:44:22'),(147,55,4,'2016-10-10 07:31:39'),(148,29,1,'2014-07-16 07:57:58'),(149,68,3,'2013-04-28 13:06:29'),(150,18,5,'2015-06-18 03:11:28');
/*!40000 ALTER TABLE `stars_movies` ENABLE KEYS */;
UNLOCK TABLES;

--
-- Temporary view structure for view `stars_ratings`
--

DROP TABLE IF EXISTS `stars_ratings`;
/*!50001 DROP VIEW IF EXISTS `stars_ratings`*/;
SET @saved_cs_client     = @@character_set_client;
/*!50503 SET character_set_client = utf8mb4 */;
/*!50001 CREATE VIEW `stars_ratings` AS SELECT 
 1 AS `star_id`,
 1 AS `rating`*/;
SET character_set_client = @saved_cs_client;

--
-- Table structure for table `target_types`
--

DROP TABLE IF EXISTS `target_types`;
/*!40101 SET @saved_cs_client     = @@character_set_client */;
/*!50503 SET character_set_client = utf8mb4 */;
CREATE TABLE `target_types` (
  `id` tinyint unsigned NOT NULL AUTO_INCREMENT,
  `name` varchar(20) CHARACTER SET utf8 COLLATE utf8_unicode_ci NOT NULL,
  `created_at` datetime DEFAULT CURRENT_TIMESTAMP,
  `updated_at` datetime DEFAULT CURRENT_TIMESTAMP ON UPDATE CURRENT_TIMESTAMP,
  PRIMARY KEY (`id`),
  UNIQUE KEY `name` (`name`)
) ENGINE=InnoDB AUTO_INCREMENT=4 DEFAULT CHARSET=utf8 COLLATE=utf8_unicode_ci;
/*!40101 SET character_set_client = @saved_cs_client */;

--
-- Dumping data for table `target_types`
--

LOCK TABLES `target_types` WRITE;
/*!40000 ALTER TABLE `target_types` DISABLE KEYS */;
INSERT INTO `target_types` VALUES (1,'movie','2020-12-19 00:05:22','2020-12-19 00:05:22'),(2,'review','2020-12-19 00:05:22','2020-12-19 00:05:22'),(3,'comment','2020-12-19 00:05:22','2020-12-19 00:05:22');
/*!40000 ALTER TABLE `target_types` ENABLE KEYS */;
UNLOCK TABLES;

--
-- Table structure for table `users`
--

DROP TABLE IF EXISTS `users`;
/*!40101 SET @saved_cs_client     = @@character_set_client */;
/*!50503 SET character_set_client = utf8mb4 */;
CREATE TABLE `users` (
  `id` int unsigned NOT NULL AUTO_INCREMENT,
  `first_name` varchar(50) CHARACTER SET utf8 COLLATE utf8_unicode_ci NOT NULL,
  `last_name` varchar(50) CHARACTER SET utf8 COLLATE utf8_unicode_ci NOT NULL,
  `email` varchar(50) CHARACTER SET utf8 COLLATE utf8_unicode_ci NOT NULL,
  `phone` varchar(50) CHARACTER SET utf8 COLLATE utf8_unicode_ci NOT NULL,
  `created_at` datetime DEFAULT CURRENT_TIMESTAMP,
  `updated_at` datetime DEFAULT CURRENT_TIMESTAMP ON UPDATE CURRENT_TIMESTAMP,
  PRIMARY KEY (`id`),
  UNIQUE KEY `email` (`email`),
  UNIQUE KEY `phone` (`phone`),
  KEY `users_first_name_last_name_idx` (`first_name`,`last_name`)
) ENGINE=InnoDB AUTO_INCREMENT=151 DEFAULT CHARSET=utf8 COLLATE=utf8_unicode_ci;
/*!40101 SET character_set_client = @saved_cs_client */;

--
-- Dumping data for table `users`
--

LOCK TABLES `users` WRITE;
/*!40000 ALTER TABLE `users` DISABLE KEYS */;
INSERT INTO `users` VALUES (1,'Jessy','Pouros','joseph73@hotmail.com','918.046.9711x594','2018-07-03 02:10:09','2019-04-06 03:59:47'),(2,'Isabella','Turner','odaniel@hotmail.com','09417733740','2016-05-11 10:52:14','2017-07-20 01:45:03'),(3,'Noble','Crist','branson.pollich@gmail.com','1-008-588-1265','2013-11-05 02:28:03','2019-12-12 13:55:39'),(4,'Joan','Mann','federico62@hotmail.com','518.075.2133x01658','2020-04-05 11:22:23','2020-12-19 02:02:14'),(5,'Bernard','Kassulke','reece86@yahoo.com','836.663.4382x596','2019-12-14 04:02:57','2020-12-19 02:02:14'),(6,'Joelle','Altenwerth','xhintz@yahoo.com','574.050.1501x831','2019-03-09 04:53:57','2020-12-19 02:02:14'),(7,'Janice','Greenfelder','royce.herzog@yahoo.com','708.107.5727x085','2015-11-25 07:18:14','2018-11-03 09:42:13'),(8,'Elissa','Wolff','twindler@yahoo.com','197-104-9264x1983','2013-12-28 15:09:58','2019-09-09 01:22:56'),(9,'Jeramie','Cormier','emmanuel.rodriguez@yahoo.com','056-869-1840x6655','2019-07-14 01:23:09','2020-12-19 02:02:14'),(10,'Fiona','Labadie','cornelius.ondricka@gmail.com','1-316-794-0677','2014-08-22 18:40:31','2020-12-19 02:02:14'),(11,'Maude','McCullough','vstoltenberg@gmail.com','07591273702','2018-10-25 10:49:18','2020-12-19 02:02:14'),(12,'Emmy','Bahringer','eswift@gmail.com','+48(4)8986902843','2018-09-11 13:05:17','2019-07-16 14:45:11'),(13,'Rowan','Harris','enrique72@hotmail.com','881-562-0547x1893','2011-03-30 00:58:41','2013-02-15 02:55:31'),(14,'Hailee','Homenick','flatley.mikel@hotmail.com','784.023.9533','2019-11-28 13:10:46','2020-12-19 02:02:14'),(15,'Montana','Runolfsdottir','donato.rice@yahoo.com','(170)871-4577x87730','2015-04-05 00:51:05','2020-12-19 02:02:14'),(16,'Xavier','Gerlach','dkoch@yahoo.com','+44(9)4242801390','2020-05-02 22:50:48','2020-12-19 02:02:14'),(17,'Bert','Stark','marcus32@gmail.com','1-866-493-1114x42364','2019-08-18 22:30:37','2020-12-19 02:02:14'),(18,'Rosalinda','Fadel','misty.cummerata@yahoo.com','296.592.8387','2017-06-04 14:59:47','2018-03-22 10:44:34'),(19,'Jermain','Morar','edmund.schuster@yahoo.com','1-331-485-4339x89885','2013-02-22 02:27:40','2014-12-15 06:59:22'),(20,'Lowell','Trantow','simone47@yahoo.com','1-182-111-3318x3340','2017-08-04 05:24:07','2020-12-19 02:02:14'),(21,'Derick','Bartell','melany.larkin@gmail.com','327-347-7446x000','2016-04-12 18:32:50','2020-12-19 02:02:14'),(22,'Olga','Hirthe','zboncak.lorine@gmail.com','1-897-273-5857','2018-04-27 11:40:54','2020-12-19 02:02:14'),(23,'Madie','Koss','erika36@gmail.com','634.531.2832x0476','2018-12-30 23:30:59','2020-12-19 02:02:14'),(24,'Blanca','Simonis','kertzmann.susana@hotmail.com','(080)052-9030x690','2019-03-17 03:33:57','2020-12-19 02:02:14'),(25,'Ophelia','Ferry','abigale92@gmail.com','(918)266-3083x7750','2013-02-15 05:12:15','2020-12-19 02:02:14'),(26,'Leatha','Champlin','darrin44@hotmail.com','(267)313-7644','2015-01-15 23:36:34','2019-04-13 18:32:32'),(27,'Frederik','Bosco','fhills@yahoo.com','1-943-399-6451x9569','2016-10-16 16:51:36','2019-07-05 07:37:45'),(28,'April','Kassulke','sratke@gmail.com','273-033-8002','2013-03-07 13:20:23','2014-04-20 03:57:41'),(29,'Ora','Boyle','cassandra48@gmail.com','+71(4)3088622287','2013-11-01 09:27:21','2020-12-19 02:02:14'),(30,'Herminia','Treutel','rau.claud@hotmail.com','(436)826-4909','2011-07-11 11:49:57','2016-11-28 05:40:38'),(31,'Aurelia','Davis','barrows.summer@yahoo.com','128-442-6481x32088','2018-09-17 06:57:47','2020-12-19 02:02:14'),(32,'Frederick','Ruecker','kiehn.jayson@gmail.com','143-238-0756','2019-07-24 11:47:09','2020-12-19 02:02:14'),(33,'Justice','Gottlieb','lbeer@gmail.com','290.040.1330','2017-05-26 11:32:22','2020-11-21 15:20:22'),(34,'Emmanuel','Macejkovic','donnelly.hellen@gmail.com','(906)948-0504x0969','2014-02-18 13:10:02','2020-12-19 02:02:14'),(35,'Stone','Beer','lbrekke@hotmail.com','975-553-3245','2013-07-04 06:58:56','2020-12-19 02:02:14'),(36,'Florian','Kuvalis','sanford.schumm@gmail.com','495-369-6098','2015-02-03 11:11:54','2020-12-19 02:02:14'),(37,'Gardner','Boehm','nabernathy@gmail.com','815-186-1426x11644','2018-11-07 10:16:04','2020-12-19 02:02:14'),(38,'Camila','Weber','schroeder.jessy@gmail.com','1-216-297-6936x28869','2011-04-16 15:09:37','2015-02-23 14:21:12'),(39,'Coy','Larson','billie77@hotmail.com','08975499671','2013-04-04 18:35:38','2019-12-01 01:50:45'),(40,'Muriel','D\'Amore','nathaniel.hyatt@hotmail.com','132-322-8604x190','2017-09-09 15:12:57','2019-02-17 14:56:23'),(41,'Luciano','Schneider','kpaucek@yahoo.com','318-326-3546x47766','2011-10-20 06:03:05','2014-09-07 02:49:10'),(42,'Elouise','Mohr','wolf.letitia@yahoo.com','03775591904','2019-11-30 18:05:07','2020-12-19 02:02:14'),(43,'Edna','Osinski','berniece52@hotmail.com','719.630.3711','2013-03-19 16:12:52','2020-12-19 02:02:14'),(44,'Aurelio','Bartell','robel.anahi@gmail.com','594-374-2524','2012-12-05 07:21:38','2014-12-04 14:27:23'),(45,'Laurel','Sipes','leonie12@hotmail.com','(814)121-4198','2014-10-15 08:55:30','2018-03-15 08:37:23'),(46,'Dorothy','Lindgren','polly49@yahoo.com','349.816.8223x22050','2011-03-02 13:26:17','2020-01-11 17:22:57'),(47,'Micheal','Smitham','vjerde@yahoo.com','+53(3)6332807973','2016-07-01 21:03:40','2020-12-19 02:02:14'),(48,'Emory','Russel','zpouros@yahoo.com','746.182.6284x290','2018-02-10 18:02:32','2020-12-19 02:02:14'),(49,'Clemmie','Jast','lebsack.shaun@hotmail.com','(338)726-2918x221','2016-09-21 20:27:13','2017-07-15 08:40:46'),(50,'Arvid','Breitenberg','ipollich@yahoo.com','(648)197-4733','2011-10-25 23:40:05','2016-08-30 04:02:14'),(51,'Claudine','Schroeder','ondricka.elody@yahoo.com','1-080-329-4349','2015-11-30 17:53:23','2020-10-11 23:08:35'),(52,'Henry','Breitenberg','esther.schneider@yahoo.com','591-011-2953','2017-05-22 02:59:04','2020-04-22 14:07:11'),(53,'Rollin','Cole','tmarks@yahoo.com','1-927-948-8578','2018-08-25 08:43:53','2020-09-11 19:13:59'),(54,'Millie','Bauch','tianna.batz@hotmail.com','(872)669-2926x8999','2011-06-22 20:42:34','2020-08-25 09:27:07'),(55,'Frederick','Durgan','upurdy@yahoo.com','(521)795-5787x683','2013-02-06 00:48:49','2015-12-19 09:04:17'),(56,'Bernhard','Anderson','mac.gleichner@yahoo.com','(600)178-4876x670','2014-07-10 20:13:12','2018-02-09 01:19:18'),(57,'Stephen','Boyer','cheyenne91@yahoo.com','1-427-820-9956','2019-10-08 02:09:17','2020-12-19 02:02:14'),(58,'Judd','Langosh','stan.kshlerin@hotmail.com','05949441217','2016-02-14 14:26:14','2019-05-02 18:12:47'),(59,'Jammie','Erdman','sluettgen@gmail.com','05655807806','2013-12-27 12:46:50','2020-12-19 02:02:14'),(60,'Tristian','Ondricka','ahaley@hotmail.com','(293)547-8296','2017-03-08 23:16:03','2020-12-19 02:02:14'),(61,'Adrian','McGlynn','ottis61@yahoo.com','950.899.7974x938','2011-05-19 18:58:24','2019-08-23 15:47:22'),(62,'Earlene','Powlowski','tterry@hotmail.com','216.778.4977x39739','2012-07-31 16:55:06','2020-12-19 02:02:14'),(63,'Janae','Grimes','oberbrunner.samir@gmail.com','362.776.9111x5623','2017-12-15 07:23:54','2020-12-19 02:02:14'),(64,'Llewellyn','Hansen','karolann55@yahoo.com','(936)082-0502x2672','2017-01-14 10:21:31','2020-12-19 02:02:14'),(65,'Eden','Smith','chauncey.corkery@hotmail.com','06376860235','2011-10-11 12:53:36','2013-12-28 09:07:18'),(66,'Desiree','Huel','keven.gerhold@gmail.com','+98(7)4186024628','2014-01-15 23:00:49','2020-12-19 02:02:14'),(67,'Gillian','Metz','jadon.lebsack@yahoo.com','301-571-4004','2014-03-12 07:50:44','2017-10-16 02:28:08'),(68,'Domenic','Keeling','adolf82@yahoo.com','316.793.1973x15266','2013-02-27 21:49:53','2016-12-01 14:35:48'),(69,'Wanda','Price','lamont51@hotmail.com','+16(5)0279617501','2020-03-10 08:13:41','2020-12-19 02:02:14'),(70,'Antonietta','Trantow','shea98@yahoo.com','+46(7)6125856015','2018-05-22 19:50:07','2020-12-19 02:02:14'),(71,'Veda','Balistreri','hwindler@hotmail.com','586-700-2619x50255','2015-03-10 18:46:38','2017-05-26 00:55:13'),(72,'Jazlyn','Gerlach','kweimann@gmail.com','1-820-651-3969x21327','2018-06-12 14:07:05','2020-12-19 02:02:14'),(73,'Taryn','Muller','wellington26@hotmail.com','106.516.5175','2015-09-07 12:41:00','2018-11-08 19:46:32'),(74,'Madalyn','Stamm','lila.lockman@yahoo.com','(925)711-2922x0765','2013-05-14 06:21:37','2015-03-04 22:21:06'),(75,'Addison','Bailey','keebler.eden@hotmail.com','04291815800','2014-03-12 02:42:27','2020-11-18 19:23:20'),(76,'Phoebe','Prohaska','mitchell.mario@yahoo.com','911-175-5227x05765','2016-11-17 17:55:43','2020-12-19 02:02:14'),(77,'Dino','Cormier','elody.torp@hotmail.com','217-770-4605x4051','2015-12-26 06:16:28','2016-04-28 16:54:50'),(78,'Damien','Lind','cummings.kareem@hotmail.com','(033)143-4255','2017-11-04 04:43:31','2020-12-19 02:02:14'),(79,'Leo','Klein','aschultz@hotmail.com','09322627892','2011-10-17 17:14:55','2014-12-31 14:29:35'),(80,'Jewell','Stracke','rolando40@yahoo.com','741.875.6571x1272','2015-09-04 18:25:55','2020-12-19 02:02:14'),(81,'Carlotta','Renner','lockman.rodrick@gmail.com','+20(3)0479471926','2013-02-25 20:25:08','2020-12-19 02:02:14'),(82,'Elwyn','Kreiger','lafayette91@hotmail.com','(097)287-5756','2014-01-31 20:27:16','2020-04-01 22:04:48'),(83,'Derrick','Smith','kiehn.benjamin@hotmail.com','1-784-118-8490x35907','2019-03-14 19:02:00','2020-12-19 02:02:14'),(84,'Dominic','Schroeder','chudson@gmail.com','066.341.4954','2013-02-09 22:47:50','2015-11-10 06:58:46'),(85,'Keeley','Bosco','janet58@yahoo.com','812-602-6952x3213','2015-03-28 14:12:29','2016-04-18 23:36:34'),(86,'Moshe','Kirlin','osinski.jacky@hotmail.com','528.031.6554x4036','2018-06-30 12:52:08','2019-10-23 09:19:24'),(87,'Genoveva','Haag','cyril.abbott@hotmail.com','307.115.3900','2018-11-07 01:38:08','2020-12-19 02:02:14'),(88,'Noemy','Kunde','ward.aylin@yahoo.com','1-294-595-7917','2018-09-25 02:36:58','2020-12-19 02:02:14'),(89,'Noemi','O\'Keefe','qkunde@yahoo.com','516-993-6149x744','2020-09-03 10:20:36','2020-12-19 02:02:14'),(90,'Sherwood','Koss','bayer.ceasar@gmail.com','+29(5)8219695183','2016-05-18 07:38:28','2020-12-19 02:02:14'),(91,'Joany','Cremin','eileen.anderson@yahoo.com','1-839-757-6194x5786','2018-07-22 01:47:36','2020-12-19 02:02:14'),(92,'Reilly','Tromp','romaine.weimann@hotmail.com','(381)615-2140','2013-02-01 07:04:30','2019-08-27 21:59:20'),(93,'Lowell','Boehm','mueller.aurelio@hotmail.com','964-809-4655x325','2018-02-13 11:25:56','2020-12-19 02:02:14'),(94,'Jayme','Crist','cweber@hotmail.com','036-938-4643x5015','2017-04-26 04:16:05','2020-12-19 02:02:14'),(95,'Amina','Kub','charlie82@yahoo.com','1-540-891-6995x027','2019-03-15 07:46:10','2020-12-19 02:02:14'),(96,'Quinn','Ritchie','clindgren@gmail.com','1-966-296-4560x343','2015-08-07 19:51:51','2020-12-19 02:02:14'),(97,'Rasheed','Wisoky','sandy.runte@hotmail.com','108-508-2489x8321','2015-10-13 16:51:25','2020-12-19 02:02:14'),(98,'Payton','Littel','kgutkowski@hotmail.com','679.153.6790x8670','2019-07-08 12:39:37','2020-12-19 02:02:14'),(99,'Jaylan','Ondricka','rhianna78@hotmail.com','02406596056','2019-02-20 01:50:19','2020-06-03 23:31:01'),(100,'Trent','Grant','avolkman@gmail.com','1-042-963-9844','2014-08-25 00:52:39','2018-05-19 02:13:02'),(101,'Davion','Cruickshank','jacobs.carmen@gmail.com','(801)501-4493','2016-04-16 07:55:45','2020-12-19 02:02:14'),(102,'Lemuel','Lindgren','magnus52@gmail.com','(487)715-0949','2011-04-07 04:51:40','2012-09-15 06:48:24'),(103,'Jett','Langworth','lindgren.kira@yahoo.com','09971585568','2012-05-06 18:49:46','2015-11-01 16:12:31'),(104,'Brionna','Shields','tre09@hotmail.com','(278)151-6510','2016-12-29 00:18:26','2019-08-24 17:54:55'),(105,'Isadore','Leannon','feil.vaughn@gmail.com','730.595.4129','2019-11-14 13:28:39','2020-12-19 02:02:14'),(106,'Austyn','Pouros','emmet33@yahoo.com','04484685560','2020-10-03 04:28:17','2020-12-19 02:02:14'),(107,'Kian','Medhurst','vinnie06@yahoo.com','045.794.0087','2017-01-02 02:11:42','2020-06-25 07:35:29'),(108,'Shakira','Lehner','xabernathy@gmail.com','03468572037','2018-07-31 15:26:32','2020-04-12 07:36:34'),(109,'Shane','Lynch','bayer.erica@hotmail.com','043.035.2892x9487','2013-09-16 02:04:01','2020-12-13 13:09:23'),(110,'Logan','Berge','ctromp@yahoo.com','849.923.9311x714','2014-08-20 08:40:40','2017-10-06 05:42:04'),(111,'Silas','Lindgren','wgulgowski@hotmail.com','115-516-8136x20846','2019-12-08 06:24:28','2020-12-19 02:02:14'),(112,'Madisen','Skiles','witting.orville@hotmail.com','1-990-937-2721x365','2019-02-14 14:42:34','2020-12-19 02:02:14'),(113,'Lavon','McClure','kozey.horacio@yahoo.com','(968)925-2236x1662','2013-09-18 21:44:10','2020-12-19 02:02:14'),(114,'Estefania','Kunde','idoyle@gmail.com','224.361.5572x323','2012-04-01 18:35:37','2014-03-06 07:04:54'),(115,'Laila','Gleason','altenwerth.clovis@yahoo.com','1-201-677-0521x966','2017-06-06 04:40:27','2020-12-19 02:02:14'),(116,'Brady','Bartell','ashtyn.ullrich@hotmail.com','904.568.2801x29338','2020-09-08 11:23:01','2020-12-19 02:02:14'),(117,'Yesenia','Ferry','ilene.dickinson@yahoo.com','(731)276-3866','2013-12-21 11:33:05','2020-12-19 02:02:14'),(118,'Lesley','Thompson','candice.berge@yahoo.com','363.516.7272x63341','2020-10-31 12:53:20','2020-12-19 02:02:14'),(119,'Osbaldo','Quigley','marge54@yahoo.com','1-444-081-4921','2019-11-15 12:14:13','2020-09-02 16:26:27'),(120,'Guillermo','Collier','lilly46@gmail.com','189.349.7567x4340','2020-03-18 20:37:16','2020-12-19 02:02:14'),(121,'Stanford','Jaskolski','huels.cheyenne@gmail.com','1-974-189-5720x54642','2011-07-05 10:33:02','2017-06-10 01:45:52'),(122,'Stefanie','Bayer','lorena35@hotmail.com','06471651685','2020-11-13 00:06:16','2020-12-19 02:02:14'),(123,'Ewell','Ward','adaline.morissette@yahoo.com','846-526-7903','2018-03-31 19:09:07','2020-12-19 02:02:14'),(124,'Murray','Maggio','joy.von@hotmail.com','(723)710-0947x641','2019-04-08 19:21:36','2020-12-19 02:02:14'),(125,'Payton','VonRueden','stacey.kshlerin@hotmail.com','(100)915-5426','2018-08-13 08:31:57','2020-12-19 02:02:14'),(126,'Jackeline','Kassulke','monahan.ezra@hotmail.com','1-265-655-3689x396','2019-12-16 15:05:41','2020-12-19 02:02:14'),(127,'Ines','Senger','talon.hegmann@gmail.com','620.635.7575x6536','2018-06-04 23:47:45','2020-12-19 02:02:14'),(128,'Green','Hudson','hkshlerin@hotmail.com','1-588-346-6523x442','2020-02-14 12:52:27','2020-12-19 02:02:14'),(129,'Daphney','Hickle','kallie35@hotmail.com','226-211-7761x05503','2018-11-28 18:24:57','2020-12-19 02:02:14'),(130,'Andreanne','Koelpin','skiles.angie@hotmail.com','+21(4)9218204434','2013-04-18 01:53:22','2020-12-19 02:02:14'),(131,'Nicolette','Lebsack','myrl29@hotmail.com','+45(7)9552868783','2014-04-12 15:24:03','2020-12-19 02:02:14'),(132,'Kole','Hegmann','ygoodwin@hotmail.com','443.912.6315','2017-03-08 03:54:50','2017-10-20 03:56:36'),(133,'Aric','Halvorson','rey.becker@hotmail.com','(373)151-0836x16709','2015-02-23 22:54:07','2019-12-08 03:38:59'),(134,'Noemi','Baumbach','marty.batz@hotmail.com','284.402.6690','2018-09-02 07:58:22','2020-12-19 02:02:14'),(135,'Jeanie','Wiegand','fschmeler@yahoo.com','313-093-4495','2014-12-14 13:08:12','2019-07-26 02:41:37'),(136,'Wilton','Monahan','tito84@hotmail.com','1-678-195-9978','2018-01-16 09:02:06','2020-12-19 02:02:14'),(137,'Donato','Bartoletti','estiedemann@hotmail.com','545-581-7161x43366','2011-03-08 04:34:00','2014-01-05 13:37:30'),(138,'Richard','Roberts','meda69@hotmail.com','818.579.1664x54441','2018-01-05 00:04:51','2020-12-02 15:48:07'),(139,'Obie','Legros','germaine75@gmail.com','400.705.7711x39290','2019-12-20 05:54:10','2020-12-19 02:02:14'),(140,'Wilhelmine','Runte','kutch.nestor@yahoo.com','(114)763-1803x3302','2017-01-10 05:06:09','2020-12-19 02:02:14'),(141,'Meghan','Volkman','ewald12@gmail.com','(541)737-9907','2012-10-04 21:24:29','2020-10-02 00:24:54'),(142,'Luisa','Dooley','hane.dina@yahoo.com','04285311641','2012-10-08 21:15:32','2020-12-19 02:02:14'),(143,'Sandrine','Stehr','braxton.schiller@hotmail.com','1-622-982-5635x341','2015-06-12 22:41:53','2017-03-10 15:50:30'),(144,'Amani','Sawayn','strosin.susanna@gmail.com','1-050-838-7414','2011-09-30 18:51:53','2012-01-29 20:25:49'),(145,'Creola','Ritchie','prohaska.isadore@gmail.com','1-970-074-1894x611','2020-03-04 22:39:05','2020-12-19 02:02:14'),(146,'Herta','Kuhic','rice.vilma@yahoo.com','1-329-199-5536','2020-01-02 22:46:36','2020-12-19 02:02:14'),(147,'Layne','Lind','vance.mraz@gmail.com','546.588.0603','2017-03-12 10:40:54','2020-12-19 02:02:14'),(148,'Santina','O\'Kon','xjohnston@yahoo.com','1-904-809-9096x0079','2012-08-09 04:23:00','2020-12-19 02:02:14'),(149,'Kobe','Dooley','cummings.elfrieda@gmail.com','827-760-4068','2020-12-07 15:39:29','2020-12-19 02:02:14'),(150,'Clara','Parker','zieme.kamryn@hotmail.com','061-662-2969','2016-09-15 19:33:04','2016-10-04 07:47:46');
/*!40000 ALTER TABLE `users` ENABLE KEYS */;
UNLOCK TABLES;

--
-- Final view structure for view `comments_ratings`
--

/*!50001 DROP VIEW IF EXISTS `comments_ratings`*/;
/*!50001 SET @saved_cs_client          = @@character_set_client */;
/*!50001 SET @saved_cs_results         = @@character_set_results */;
/*!50001 SET @saved_col_connection     = @@collation_connection */;
/*!50001 SET character_set_client      = utf8mb4 */;
/*!50001 SET character_set_results     = utf8mb4 */;
/*!50001 SET collation_connection      = utf8mb4_0900_ai_ci */;
/*!50001 CREATE ALGORITHM=UNDEFINED */
/*!50013 DEFINER=`root`@`localhost` SQL SECURITY DEFINER */
/*!50001 VIEW `comments_ratings` AS select distinct `comments`.`id` AS `comment_id`,sum(`raitings`.`raiting`) OVER (PARTITION BY `comments`.`id` )  AS `rating` from (`comments` join `raitings` on(((`raitings`.`target_type_id` = 3) and (`raitings`.`target_id` = `comments`.`id`)))) */;
/*!50001 SET character_set_client      = @saved_cs_client */;
/*!50001 SET character_set_results     = @saved_cs_results */;
/*!50001 SET collation_connection      = @saved_col_connection */;

--
-- Final view structure for view `movies_ratings`
--

/*!50001 DROP VIEW IF EXISTS `movies_ratings`*/;
/*!50001 SET @saved_cs_client          = @@character_set_client */;
/*!50001 SET @saved_cs_results         = @@character_set_results */;
/*!50001 SET @saved_col_connection     = @@collation_connection */;
/*!50001 SET character_set_client      = utf8mb4 */;
/*!50001 SET character_set_results     = utf8mb4 */;
/*!50001 SET collation_connection      = utf8mb4_0900_ai_ci */;
/*!50001 CREATE ALGORITHM=UNDEFINED */
/*!50013 DEFINER=`root`@`localhost` SQL SECURITY DEFINER */
/*!50001 VIEW `movies_ratings` AS select distinct `movies`.`id` AS `movie_id`,round((sum(`raitings`.`raiting`) OVER (PARTITION BY `movies`.`id` )  / count(0) OVER (PARTITION BY `movies`.`id` ) ),1) AS `rating` from (`movies` join `raitings` on(((`raitings`.`target_type_id` = 1) and (`raitings`.`target_id` = `movies`.`id`)))) */;
/*!50001 SET character_set_client      = @saved_cs_client */;
/*!50001 SET character_set_results     = @saved_cs_results */;
/*!50001 SET collation_connection      = @saved_col_connection */;

--
-- Final view structure for view `reviews_ratings`
--

/*!50001 DROP VIEW IF EXISTS `reviews_ratings`*/;
/*!50001 SET @saved_cs_client          = @@character_set_client */;
/*!50001 SET @saved_cs_results         = @@character_set_results */;
/*!50001 SET @saved_col_connection     = @@collation_connection */;
/*!50001 SET character_set_client      = utf8mb4 */;
/*!50001 SET character_set_results     = utf8mb4 */;
/*!50001 SET collation_connection      = utf8mb4_0900_ai_ci */;
/*!50001 CREATE ALGORITHM=UNDEFINED */
/*!50013 DEFINER=`root`@`localhost` SQL SECURITY DEFINER */
/*!50001 VIEW `reviews_ratings` AS select distinct `reviews`.`id` AS `review_id`,sum(`raitings`.`raiting`) OVER (PARTITION BY `reviews`.`id` )  AS `rating` from (`reviews` join `raitings` on(((`raitings`.`target_type_id` = 2) and (`raitings`.`target_id` = `reviews`.`id`)))) */;
/*!50001 SET character_set_client      = @saved_cs_client */;
/*!50001 SET character_set_results     = @saved_cs_results */;
/*!50001 SET collation_connection      = @saved_col_connection */;

--
-- Final view structure for view `stars_ratings`
--

/*!50001 DROP VIEW IF EXISTS `stars_ratings`*/;
/*!50001 SET @saved_cs_client          = @@character_set_client */;
/*!50001 SET @saved_cs_results         = @@character_set_results */;
/*!50001 SET @saved_col_connection     = @@collation_connection */;
/*!50001 SET character_set_client      = utf8mb4 */;
/*!50001 SET character_set_results     = utf8mb4 */;
/*!50001 SET collation_connection      = utf8mb4_0900_ai_ci */;
/*!50001 CREATE ALGORITHM=UNDEFINED */
/*!50013 DEFINER=`root`@`localhost` SQL SECURITY DEFINER */
/*!50001 VIEW `stars_ratings` AS select distinct `stars`.`id` AS `star_id`,round((sum(`movies`.`raiting`) OVER (PARTITION BY `stars`.`id` )  / count(0) OVER (PARTITION BY `stars`.`id` ) ),1) AS `rating` from ((`stars` join `stars_movies` on((`stars`.`id` = `stars_movies`.`star_id`))) join `movies` on((`stars_movies`.`movie_id` = `movies`.`id`))) */;
/*!50001 SET character_set_client      = @saved_cs_client */;
/*!50001 SET character_set_results     = @saved_cs_results */;
/*!50001 SET collation_connection      = @saved_col_connection */;
/*!40103 SET TIME_ZONE=@OLD_TIME_ZONE */;

/*!40101 SET SQL_MODE=@OLD_SQL_MODE */;
/*!40014 SET FOREIGN_KEY_CHECKS=@OLD_FOREIGN_KEY_CHECKS */;
/*!40014 SET UNIQUE_CHECKS=@OLD_UNIQUE_CHECKS */;
/*!40101 SET CHARACTER_SET_CLIENT=@OLD_CHARACTER_SET_CLIENT */;
/*!40101 SET CHARACTER_SET_RESULTS=@OLD_CHARACTER_SET_RESULTS */;
/*!40101 SET COLLATION_CONNECTION=@OLD_COLLATION_CONNECTION */;
/*!40111 SET SQL_NOTES=@OLD_SQL_NOTES */;

-- Dump completed on 2020-12-21  4:52:01
